soilMoisture,temperature,soilHumidity,time,airTemperature,windSpeed,airHumidity,windGust,pressure,ph,rainfall,nitrogen,phosphorus,potassium,status
54,22,70,21,19.52,2.13,55.04,6.3,101.5,6.502985292,202.9355362,90,42,43,ON
12,20,40,104,19.49,2.01,55.17,10.46,101.5,7.038096361,226.6555374,85,58,41,OFF
34,26,35,62,19.47,1.9,55.3,14.63,101.51,7.840207144,263.9642476,60,55,44,ON
7,44,44,93,19.54,2.28,54.2,16.08,101.51,6.980400905,242.8640342,74,35,40,OFF
50,38,23,92,19.61,2.66,53.09,17.52,101.51,7.628472891,262.7173405,78,42,42,OFF
4,26,52,6,19.67,2.51,51.91,14.69,101.51,7.073453503,251.0549998,69,37,42,ON
15,34,58,82,19.74,2.36,50.72,11.85,101.5,5.70080568,271.3248604,69,55,38,ON
45,30,43,85,19.8,2.21,49.54,9.02,101.5,5.718627178,241.9741949,94,53,40,ON
47,4,42,2,19.91,2.46,47.7,7.23,101.5,6.685346424,230.4462359,89,54,38,OFF
19,41,22,0,20.02,2.71,45.86,5.44,101.5,6.336253525,221.2091958,68,58,38,ON
63,44,65,75,20.1,2.8,44.76,6.29,101.5,5.386167788,264.6148697,91,53,40,ON
88,34,41,71,20.19,2.89,43.67,7.14,101.49,7.50283396,250.0832336,90,46,42,ON
39,20,70,82,20.3,3,42.56,11.96,101.49,5.108681786,284.4364567,78,58,44,ON
65,43,44,93,20.41,3.11,41.44,16.78,101.49,6.98435366,185.2773389,93,56,36,OFF
50,27,50,4,20.41,3.5,41.58,17.48,101.48,6.94801983,209.5869708,94,50,37,ON
39,22,48,80,20.41,3.9,41.71,18.18,101.48,7.042299069,231.0863347,60,48,39,ON
18,33,44,74,20.61,4.74,40.34,23.04,101.48,6.249050656,276.6552459,85,38,41,ON
66,43,35,64,20.81,5.58,38.96,27.91,101.48,6.970859754,206.2611855,91,35,39,ON
68,25,59,3,20.93,5.74,37.33,26.29,101.48,5.953933276,224.5550169,77,38,36,ON
20,36,53,74,21.06,5.89,35.69,24.67,101.48,5.85393208,291.2986618,88,35,40,ON
40,17,35,70,21.18,6.04,34.06,23.05,101.47,6.442475375,185.4974732,89,45,36,ON
2,34,64,101,21.3,6.2,32.42,21.43,101.47,5.070175667,231.3843163,76,40,43,OFF
22,35,32,109,21.35,6.06,31.07,21.84,101.46,6.012632591,213.3560921,67,59,41,OFF
1,19,70,56,21.4,5.93,29.72,22.26,101.46,6.254028451,233.1075816,83,41,43,ON
5,23,27,4,21.44,5.8,28.38,22.67,101.46,7.375482851,224.0581164,98,47,37,ON
10,28,30,75,21.49,5.66,27.03,23.08,101.45,7.778915154,257.0038865,66,53,41,ON
25,13,66,50,21.56,7.11,26.62,36.03,101.44,6.286500176,271.3586137,97,59,43,ON
20,45,61,83,21.62,8.56,26.22,48.98,101.43,7.070959995,260.2634026,97,50,41,ON
40,29,39,98,21.66,8.89,25.72,48.02,101.42,6.244841491,240.0810647,60,49,44,OFF
26,13,70,71,21.69,9.21,25.21,47.06,101.41,6.043304899,197.9791215,84,51,35,ON
71,6,59,88,21.48,8.76,25.8,46.17,101.4,5.824709117,272.2017204,73,57,41,OFF
37,21,24,22,21.28,8.32,26.39,45.28,101.4,6.357389366,200.0882787,92,35,40,ON
76,12,47,51,21.3,8.61,25.53,46.64,101.39,6.364134968,224.6757231,85,37,39,OFF
44,24,45,82,21.32,8.9,24.67,48,101.38,5.01450727,270.4417274,98,53,38,ON
24,8,47,38,21.28,8.22,24.32,45.43,101.38,6.149410611,233.1321372,88,54,44,OFF
70,6,63,90,21.24,7.53,23.96,42.86,101.37,5.950660556,193.3473987,95,55,42,OFF
32,23,28,84,21.2,7.7,23.81,42.14,101.36,5.960370061,272.2999056,99,57,35,OFF
44,24,39,77,21.16,7.87,23.66,41.43,101.36,5.561398642,285.2493645,95,39,36,ON
4,45,49,32,21.13,8.04,23.5,40.72,101.35,7.416245107,298.4018471,60,43,44,ON
63,40,48,89,21.09,8.21,23.35,40,101.35,5.583370042,257.0343554,63,44,41,ON
49,29,55,4,21.1,8.33,23.09,41.54,101.35,6.430010215,248.7183228,62,42,36,ON
26,32,70,73,21.11,8.46,22.84,43.08,101.34,5.534878156,209.9001977,64,45,43,ON
58,32,38,91,21.12,8.58,22.58,44.61,101.34,6.903985986,200.834898,83,60,36,OFF
45,0,69,87,21.13,8.7,22.32,46.15,101.34,6.271478838,298.5601175,82,40,40,OFF
37,7,32,76,20.94,7.26,22.58,38.26,101.34,7.224285503,265.5355937,85,52,45,ON
16,44,57,93,20.76,5.82,22.83,30.38,101.34,6.13428721,183.6793207,91,35,38,OFF
75,2,31,96,20.56,5.31,23.4,27.83,101.34,5.206373153,196.9560008,76,49,42,OFF
82,16,62,33,20.36,4.8,23.97,25.28,101.34,7.782051313,233.0453455,74,39,38,OFF
72,28,21,92,20.15,4.28,24.54,22.72,101.33,7.062779015,210.8142087,79,43,39,OFF
53,1,51,32,19.95,3.77,25.11,20.17,101.33,7.730367824,253.7202781,88,55,45,OFF
13,24,48,17,19.71,3.73,26.29,13.57,101.34,5.286203711,219.9048349,60,36,43,OFF
41,18,34,86,19.47,3.69,27.47,6.96,101.34,6.766240045,208.5810155,76,60,39,ON
53,2,30,64,19.32,3.44,27.99,9.76,101.34,7.382762603,195.0948311,93,56,42,OFF
76,14,48,58,19.18,3.18,28.51,12.57,101.34,5.658169482,227.3637009,65,60,43,OFF
9,36,37,96,19.21,3.87,28.64,12.88,101.34,5.543360238,286.5083725,95,52,36,OFF
66,1,56,106,19.24,4.56,28.77,13.19,101.34,6.215109715,283.9338466,75,38,39,OFF
12,16,25,94,19.17,4.86,29.56,15.48,101.34,7.120272972,217.3788583,74,54,38,OFF
29,10,67,50,19.1,5.16,30.36,17.78,101.33,5.950647577,267.9761948,91,36,45,ON
37,34,57,2,19.02,4.45,31.01,17.78,101.33,7.236705436,191.9535738,71,46,40,ON
8,28,67,10,18.93,3.74,31.66,17.78,101.33,6.501697816,277.9626192,99,55,35,ON
55,1,68,37,18.74,3.55,31.96,13.49,101.33,7.592490617,245.1511304,72,40,38,ON
9,1,32,101,18.55,3.35,32.25,9.2,101.33,5.875345751,245.6626799,83,58,45,OFF
41,27,23,63,18.63,4.05,31.86,10.32,101.33,6.932400225,279.5451717,93,58,38,ON
31,8,33,43,18.71,4.75,31.47,11.43,101.33,6.946209881,202.3838319,70,36,42,ON
80,38,52,12,18.87,4.7,30.63,14.41,101.34,5.739175027,263.6372176,76,47,42,OFF
7,27,59,107,19.03,4.64,29.79,17.39,101.34,6.738652179,182.5616319,99,41,36,OFF
13,4,41,23,19.02,4.39,29.64,19.8,101.34,5.594819626,198.6730942,99,54,37,ON
42,18,36,39,19,4.14,29.5,22.22,101.35,6.946636369,243.5120414,86,59,35,ON
72,21,26,63,19.04,4.35,29.16,23.32,101.35,5.012139669,263.1103304,69,46,41,OFF
21,33,21,5,19.07,4.57,28.81,24.43,101.35,6.363472208,269.5039162,91,56,37,ON
14,4,51,28,19.11,4.78,28.47,25.53,101.35,6.880431223,204.8001847,61,52,41,ON
16,19,51,40,19.11,4.28,28.2,22.9,101.35,7.300410836,260.8875056,67,45,38,ON
11,9,26,104,19.1,3.78,27.92,20.26,101.36,6.587918708,295.6094492,79,42,37,OFF
7,17,52,17,19.1,3.28,27.65,17.63,101.36,7.283736617,192.3197536,78,43,42,OFF
56,3,64,90,19.1,2.78,27.38,15,101.37,7.023936392,257.4914906,75,54,36,ON
42,19,55,11,18.87,2.01,27.66,11.76,101.37,6.939083505,278.0791793,97,36,45,ON
78,41,70,62,18.64,1.25,27.93,8.51,101.37,7.868474653,280.4044392,67,47,44,ON
16,37,48,48,18.48,1.41,28.11,9.76,101.36,5.005306977,185.9461429,73,35,38,ON
87,14,21,86,18.31,1.57,28.29,11.01,101.36,6.136131869,194.5766559,77,36,37,OFF
22,22,55,94,18.46,1.6,27.32,9.73,101.36,7.524080076,200.9133156,81,41,38,OFF
77,41,47,89,18.62,1.62,26.36,8.45,101.37,5.706943251,182.9043504,68,57,43,ON
45,31,65,15,18.72,2.07,25.4,12.74,101.38,5.758506323,195.3574542,72,45,35,ON
84,39,50,21,18.81,2.52,24.45,17.02,101.38,6.349606327,223.3671883,61,53,43,OFF
12,3,43,34,19.04,2.4,23.14,16.62,101.38,5.999969026,186.7536773,67,43,39,ON
17,40,57,5,19.27,2.27,21.83,16.22,101.39,5.453592032,220.1156708,67,58,39,ON
12,35,34,1,19.36,2.78,21.06,17.78,101.4,6.372576327,231.7364957,66,60,38,ON
6,40,44,92,19.45,3.29,20.29,19.35,101.41,5.105588355,242.3170629,82,43,38,OFF
21,4,48,39,19.42,3.01,20.58,15.58,101.42,5.935344406,182.6549356,84,50,44,ON
71,41,49,11,19.38,2.73,20.88,11.82,101.43,5.17782304,233.7034975,81,53,42,OFF
17,27,40,15,19.33,2.82,21.33,12.31,101.44,6.462391607,230.2242223,91,50,40,ON
67,24,31,79,19.28,2.9,21.78,12.8,101.44,7.069172227,290.6793783,93,53,38,OFF
34,24,63,84,19.24,2.98,22.22,13.3,101.44,7.473134377,241.2013513,90,44,38,OFF
68,13,57,105,19.19,3.07,22.67,13.79,101.45,6.158376967,218.9163567,81,45,35,OFF
52,3,35,0,19.26,3,22.7,14.9,101.46,7.549873681,248.2256491,78,40,38,OFF
80,18,24,59,19.32,2.92,22.74,16,101.46,6.028321558,256.9964761,60,51,36,OFF
11,11,29,7,19.6,3.24,22.42,16.63,101.46,6.604993475,194.2651719,88,46,42,ON
63,27,26,22,19.89,3.57,22.11,17.27,101.46,6.500343222,295.9248796,93,47,37,OFF
88,43,58,86,20.28,3.55,22.04,17.8,101.46,5.935745417,287.5766935,60,55,45,ON
79,21,58,71,20.68,3.53,21.97,18.32,101.47,7.072655622,183.6222657,78,35,44,OFF
2,37,30,28,21.21,3.66,21.44,18.76,101.48,5.333322606,188.413665,65,37,40,ON
49,33,61,72,21.74,3.78,20.9,19.2,101.49,5.749914421,87.75953857,71,54,16,ON
64,27,58,94,22.44,3.43,20.58,18.24,101.49,6.931756558,102.2662445,61,44,17,OFF
71,36,25,68,23.13,3.08,20.27,17.27,101.49,6.657964753,66.71995467,80,43,16,ON
51,27,66,89,23.76,3.42,19.5,18.94,101.49,6.596060648,60.65171481,73,58,21,ON
67,26,60,25,24.4,3.77,18.73,20.6,101.5,5.970458434,65.43835393,61,38,20,OFF
12,0,63,2,25.04,4.12,17.96,22.27,101.5,6.158830619,102.0861694,68,41,16,OFF
67,3,44,95,25.67,4.46,17.2,23.94,101.51,6.047906679,105.4654703,93,41,17,OFF
54,31,49,88,26.3,4.81,16.43,25.6,101.52,5.913664501,78.06639649,89,60,19,ON
49,33,31,86,26.94,5.15,15.66,27.27,101.52,5.855442401,65.27798457,76,44,17,ON
24,29,34,36,27.38,6.86,14.2,33.98,101.52,5.750254943,109.2162279,67,60,25,ON
27,18,38,21,27.83,8.57,12.75,40.68,101.52,5.852607099,94.29712821,70,44,19,ON
50,35,20,18,28.14,8.46,12.24,35.16,101.52,6.472523287,74.05474936,90,49,21,ON
51,26,32,4,28.46,8.36,11.74,29.63,101.53,6.967057762,63.87020584,62,52,16,ON
38,26,34,16,28.94,8.43,11.29,28.77,101.54,6.082973754,94.76189431,92,44,16,ON
23,45,50,106,29.42,8.5,10.84,27.91,101.55,5.919045532,72.12375573,66,54,21,OFF
27,29,60,88,29.82,8.72,10.43,36.17,101.55,6.204747653,63.72358154,63,58,22,ON
72,39,21,87,30.22,8.95,10.02,44.44,101.55,6.600827017,104.1626147,70,47,17,ON
89,19,38,18,30.54,8.94,9.84,34.1,101.55,6.021902237,76.68456006,61,41,17,OFF
36,28,55,36,30.86,8.94,9.65,23.76,101.55,6.033550195,65.49730729,66,53,19,ON
4,5,45,63,31.27,8.9,9.33,26.58,101.56,6.28886807,84.23613484,74,55,19,ON
21,37,48,32,31.69,8.86,9.01,29.4,101.56,6.550563823,79.74078719,77,57,21,ON
8,37,58,103,32.1,8.82,8.7,32.22,101.56,5.573286437,88.07753741,99,50,15,OFF
5,27,28,22,32.51,8.78,8.38,35.04,101.57,6.829199275,80.97573281,74,56,22,ON
1,10,56,67,32.93,8.74,8.06,37.86,101.58,5.716222912,79.7532896,83,45,21,ON
2,40,43,36,33.34,8.7,7.74,40.68,101.58,5.54990242,74.51490791,100,48,16,ON
63,35,30,106,33.28,10.6,7.15,39.7,101.58,6.586244581,96.46380213,79,51,16,OFF
17,39,38,18,33.23,12.51,6.56,38.71,101.59,5.893093135,102.8301942,94,39,18,ON
33,19,26,103,33.62,11.78,6.36,40.04,101.58,5.918263801,102.4852929,75,49,15,OFF
21,6,67,74,34.01,11.06,6.17,41.38,101.58,5.588650585,70.43473609,78,48,22,ON
84,29,36,41,34.36,11.19,5.97,33.88,101.58,6.576418207,108.8303762,87,54,20,ON
35,28,23,73,34.71,11.32,5.77,26.37,101.58,6.178056304,65.88951188,87,35,25,ON
81,4,35,21,35.04,11.14,5.66,36.26,101.57,6.641906353,90.988051,63,43,19,OFF
44,41,22,6,35.37,10.96,5.56,46.15,101.56,6.489040367,64.40866039,84,57,25,ON
53,6,68,73,35.04,11.99,5.48,39.97,101.56,5.680361038,63.03843397,64,35,23,ON
25,18,66,21,34.71,13.02,5.41,33.8,101.55,6.625404348,87.9298085,60,46,22,ON
22,28,38,40,35.13,12.66,5.28,33.56,101.55,6.524478032,107.4931917,98,44,21,ON
57,44,44,25,35.55,12.29,5.14,33.33,101.55,5.696205468,60.95197486,75,56,18,ON
15,25,67,57,35.55,12.45,5.13,33.11,101.54,6.803931519,109.7515385,86,55,21,ON
33,23,25,93,35.55,12.61,5.12,32.88,101.54,6.252797548,91.76337172,98,35,18,OFF
20,25,54,28,36,11.92,4.88,47.21,101.54,6.092725883,94.26249353,76,57,18,OFF
52,13,62,105,36.46,11.23,4.64,61.54,101.54,6.234330356,71.07562236,99,56,17,OFF
47,2,56,80,36.39,11.58,4.66,46.56,101.54,5.722579819,76.72860067,60,44,23,OFF
63,40,63,25,36.33,11.92,4.69,31.58,101.53,6.430616465,69.21803098,74,48,17,OFF
48,11,21,69,36.33,12.36,4.48,32.92,101.52,5.983952675,101.7004306,89,60,17,OFF
15,34,31,57,36.32,12.81,4.28,34.25,101.51,6.80163854,106.6213157,69,51,23,ON
87,37,37,52,36.32,13.26,4.07,35.58,101.5,6.499936446,66.29390357,96,46,22,ON
30,27,70,28,36.31,13.7,3.86,36.92,101.49,6.265564338,91.26056654,61,60,15,ON
89,31,69,3,36.53,13.06,3.92,31.36,101.48,6.727303282,109.024141,74,58,18,OFF
28,1,42,71,36.76,12.43,3.97,25.81,101.47,6.325235159,99.57981207,74,43,23,OFF
87,1,52,32,37.06,11.76,3.88,42.18,101.46,6.807487794,71.3195307,63,43,17,OFF
41,23,67,5,37.36,11.09,3.8,58.54,101.46,6.671085817,78.34604471,99,36,20,ON
58,42,68,21,37.69,10.94,3.72,63.55,101.45,6.648725327,88.45361858,77,36,23,ON
73,10,23,21,38.02,10.8,3.65,68.57,101.44,6.439071996,62.50351892,87,60,23,OFF
84,2,57,62,37.6,11.67,3.51,52.46,101.43,6.474476516,76.41312437,60,38,17,OFF
90,19,64,55,37.17,12.54,3.38,36.36,101.42,5.871647806,107.3198135,94,54,17,ON
90,44,44,30,36.66,12.84,3.75,33.37,101.41,5.730617109,100.7689246,95,38,22,OFF
29,35,34,76,36.15,13.15,4.12,30.38,101.4,5.850439831,107.2681929,84,44,21,ON
65,5,35,13,35.44,13.8,4.32,36.62,101.38,5.791649933,101.5952794,77,58,19,OFF
70,0,37,3,34.72,14.45,4.53,42.86,101.37,6.740000688,80.72515943,66,44,20,OFF
70,32,51,62,34.78,13.8,4.85,39.08,101.36,6.272417541,83.73280082,63,35,16,ON
6,8,59,109,34.85,13.14,5.17,35.29,101.35,5.715208817,89.9622014,79,45,20,OFF
86,1,50,92,34.93,13.9,4.87,42.14,101.34,5.773454729,88.10234397,72,60,25,OFF
90,17,22,11,35.01,14.65,4.57,48.98,101.34,5.584171461,64.77791424,67,51,24,OFF
22,32,67,34,35.45,13.24,4.49,46.71,101.33,5.787268394,73.33636055,86,36,24,ON
7,24,35,56,35.89,11.84,4.4,44.44,101.32,5.77597783,83.21030571,76,48,18,ON
73,32,48,106,36.3,11.87,3.99,37.6,101.32,6.864793607,103.651438,75,53,18,OFF
78,23,29,106,36.71,11.9,3.57,30.77,101.31,6.192360003,84.22969177,81,45,23,OFF
26,26,22,54,36.77,12.14,3.71,28.57,101.3,6.636803223,96.59195302,73,45,21,ON
2,28,70,106,36.83,12.38,3.85,26.37,101.3,5.826426917,67.96704792,71,35,24,OFF
48,5,34,44,36.7,11.98,3.97,33.88,101.28,6.960358276,83.20711308,96,54,22,ON
31,45,67,79,36.56,11.59,4.09,41.38,101.27,6.11275104,87.85092352,99,39,18,ON
4,7,56,78,36.36,11.83,4.35,35.88,101.26,6.708446922,95.71388473,62,48,20,ON
71,22,64,21,36.15,12.07,4.61,30.38,101.25,5.561510732,67.61013737,86,37,16,OFF
74,6,47,73,36.2,11.44,4.62,29.65,101.24,5.873242491,97.59081274,94,50,19,OFF
58,20,31,67,36.25,10.8,4.63,28.92,101.23,6.995843776,64.23845455,76,39,24,OFF
76,3,70,78,36.12,11.14,4.7,31.86,101.22,5.714799723,75.82270467,77,52,17,OFF
78,36,44,99,36,11.48,4.77,34.8,101.21,6.78073637,88.17251033,74,39,23,OFF
5,14,41,88,35.88,11.83,4.84,37.74,101.2,5.513697923,104.2321615,81,49,20,ON
8,32,38,110,35.75,12.17,4.91,40.68,101.19,5.798423908,67.10225139,63,42,21,OFF
31,6,40,94,35.59,12.04,4.59,38.52,101.18,6.352471866,67.72777298,99,38,21,OFF
30,34,53,78,35.43,11.9,4.27,36.36,101.18,6.822586546,103.2234212,90,52,25,ON
58,25,37,27,35.48,11.88,4.22,35.83,101.17,6.655426355,107.2361366,68,40,19,ON
28,9,66,19,35.52,11.85,4.17,35.29,101.16,6.121294041,75.03247667,60,57,24,ON
19,16,32,22,35.52,12.25,4.06,46.22,101.15,5.790770203,78.16077693,71,52,18,OFF
26,15,45,84,35.52,12.65,3.96,57.14,101.14,6.47444292,105.0083144,61,59,17,ON
51,37,65,10,35.42,12.48,3.88,57.14,101.14,6.455116637,62.49190812,88,38,15,ON
4,45,67,110,35.33,12.31,3.8,57.14,101.13,6.606984086,107.9124111,65,60,22,OFF
80,25,63,19,35.24,12.76,3.98,63.86,101.12,6.330554389,74.52082026,78,37,22,OFF
68,24,45,17,35.15,13.2,4.17,70.59,101.11,6.528631266,62.91359494,78,58,15,OFF
8,9,41,16,35.34,12.52,4.12,50.88,101.1,5.721667141,69.93293255,92,60,23,OFF
53,35,21,75,35.52,11.83,4.06,31.17,101.1,6.644205485,108.5054416,79,59,17,ON
79,32,66,19,35.53,12.03,3.96,43.49,101.1,6.376651091,78.96159541,91,55,15,OFF
68,5,63,10,35.55,12.23,3.87,55.81,101.09,6.247040422,79.84925393,76,51,18,OFF
76,37,59,32,35.4,12.08,3.7,47.26,101.08,6.656730008,93.62039175,87,48,25,OFF
34,18,38,49,35.25,11.93,3.53,38.71,101.08,6.2048017,85.75692395,71,60,22,ON
28,0,66,10,35.35,11.2,3.34,41.38,101.06,6.158860284,82.34162918,90,57,24,OFF
62,36,25,4,35.24,11.96,2.96,36.08,101.06,6.385684214,108.7603001,67,35,22,ON
88,27,54,63,35.13,12.72,2.58,30.77,101.05,6.417820493,70.23401597,60,54,19,ON
1,23,39,66,35.03,12.44,2.74,30.77,101.05,6.381201909,65.50861389,83,58,23,ON
25,0,48,14,34.92,12.16,2.9,30.77,101.05,6.877869005,98.73771338,83,57,19,OFF
40,2,46,30,34.83,12.4,2.88,35.72,101.04,7.485996067,88.55123143,40,72,77,ON
77,22,58,100,34.73,12.63,2.86,40.68,101.04,6.920251378,79.92698081,23,72,84,OFF
66,22,48,87,34.74,11.54,2.99,37.24,101.04,5.996932037,68.54932919,39,58,85,ON
52,21,36,8,34.76,10.44,3.12,33.8,101.04,6.391173589,88.51048983,22,72,85,ON
84,34,37,98,34.7,10.75,3.08,30.53,101.04,7.152811172,79.26357665,36,67,77,OFF
26,7,39,21,34.63,11.06,3.05,27.27,101.04,5.988992796,92.68373702,32,73,81,ON
38,34,40,34,34.56,11.29,3.1,26.82,101.04,6.231049028,74.6631118,58,70,84,ON
48,24,68,19,34.49,11.52,3.16,26.37,101.04,7.550808267,82.61734721,59,70,84,ON
12,20,43,108,34.48,9.75,3.52,25.3,101.04,7.010570541,81.84997529,42,62,75,OFF
51,0,46,2,34.46,7.98,3.87,24.24,101.04,8.753795334,81.98568791,28,74,81,OFF
83,26,36,86,34.26,9.14,3.7,31.48,101.04,8.718192847,93.55280105,58,66,79,ON
64,3,57,84,34.07,10.31,3.52,38.71,101.04,7.976607593,74.58565097,43,66,79,OFF
35,10,69,15,33.83,10.75,3.5,43.84,101.04,6.515499549,78.96514709,58,63,81,ON
81,17,53,17,33.58,11.19,3.48,48.98,101.03,8.490127142,80.7108745,23,62,85,OFF
47,15,28,107,33.44,10.26,3.6,35.7,101.02,6.576415562,70.18185181,27,62,77,OFF
18,40,38,32,33.31,9.34,3.72,22.43,101.02,6.481783043,71.58010169,28,72,84,ON
54,40,39,44,33.13,9.44,3.88,33.44,101.02,7.966605025,73.50734019,50,56,76,ON
60,18,43,42,32.95,9.54,4.05,44.44,101.02,8.140825437,82.52339655,39,71,84,ON
20,38,63,21,32.82,9.01,4.17,39.86,101.02,7.228963452,66.96980581,25,78,76,ON
39,16,20,82,32.69,8.48,4.29,35.29,101.02,6.492546046,90.46228334,31,70,77,OFF
19,17,51,5,32.64,8.41,4.14,27.82,101.02,7.528599957,71.31007253,26,80,83,ON
61,16,50,84,32.59,8.34,3.98,20.34,101.02,7.701446446,85.74904898,25,68,77,OFF
40,28,52,9,32.45,8.36,3.94,21.34,101.02,8.519975748,89.31050665,31,78,76,ON
37,4,30,69,32.3,8.39,3.9,22.35,101.03,6.620900869,85.52950164,60,68,83,OFF
61,14,61,83,32.16,8.41,3.86,23.36,101.03,8.104396058,72.94940441,59,62,83,OFF
70,8,43,44,32.02,8.43,3.82,24.36,101.03,6.204090835,72.32667516,22,67,78,OFF
40,43,68,20,31.87,8.46,3.78,25.36,101.04,6.051091339,74.87445574,36,65,80,ON
84,6,33,57,31.73,8.48,3.74,26.37,101.04,7.690962338,94.70992037,59,60,84,ON
60,30,58,79,31.54,8.11,3.86,24.78,101.04,7.829211144,83.74606679,54,77,85,ON
5,29,37,92,31.34,7.74,3.99,23.18,101.04,6.761599706,78.92060234,43,68,81,OFF
8,25,66,66,31.15,7.37,4.12,21.59,101.04,6.654425315,83.75937135,28,76,82,ON
58,44,52,23,30.96,7,4.24,20,101.04,6.129533877,76.57580954,42,79,85,ON
1,27,69,69,30.75,6.48,4.5,17.94,101.04,8.829273328,91.76071648,32,60,83,ON
65,7,35,108,30.54,5.97,4.75,15.89,101.05,8.621662982,76.32470713,22,78,76,OFF
50,35,65,109,30.44,6.2,4.79,14.76,101.06,8.204862075,89.73119396,31,79,75,OFF
2,15,65,94,30.35,6.44,4.83,13.64,101.06,6.18042747,93.35034262,28,58,81,OFF
28,17,57,19,30.13,5.85,5.22,17.63,101.08,7.978996755,81.20176515,57,58,77,OFF
56,13,43,81,29.91,5.25,5.61,21.62,101.09,7.863113671,81.70769297,49,55,78,ON
35,29,55,101,29.58,4.5,6.22,22.24,101.1,6.967843048,83.74879344,46,76,77,OFF
16,8,57,58,29.24,3.74,6.82,22.86,101.1,6.206582193,77.5429424,54,61,77,ON
90,7,62,4,29.03,4.02,7.38,18.36,101.11,8.868741443,77.92798682,38,60,76,OFF
33,44,29,31,28.83,4.29,7.93,13.87,101.12,8.766128654,82.2545577,59,55,79,ON
40,38,58,32,28.68,4.04,8.25,15.7,101.12,8.736337905,70.52056697,36,76,75,ON
75,15,56,51,28.54,3.79,8.56,17.52,101.13,8.081095263,72.78624223,57,68,81,OFF
43,41,51,87,28.34,4.02,9.15,20.08,101.14,6.138243973,85.24819851,35,66,81,ON
87,15,54,47,28.14,4.25,9.74,22.64,101.15,7.496645259,85.37378769,35,64,78,OFF
90,44,29,35,28.22,5.06,9.64,23.56,101.16,8.380185271,75.6317566,52,60,79,OFF
67,27,30,9,28.3,5.86,9.54,24.49,101.17,6.289614016,89.61857826,27,76,83,ON
83,24,46,59,28.09,5.52,10.34,29.89,101.18,6.586777189,75.49101167,57,60,84,ON
85,12,41,55,27.88,5.17,11.15,35.29,101.18,6.89655198,86.05078037,52,68,78,ON
62,23,47,22,27.74,5.62,11.73,34.08,101.18,7.806747656,80.25064637,43,79,79,OFF
88,38,46,101,27.61,6.07,12.3,32.88,101.17,7.150681303,78.26039559,44,74,85,OFF
10,30,70,61,27.38,5.22,13.09,26.04,101.18,6.64919573,75.57790384,24,55,78,ON
20,39,50,97,27.16,4.36,13.88,19.2,101.19,7.778591618,72.9446671,29,77,75,OFF
62,12,51,36,26.84,3.78,14.36,19.69,101.2,6.358740355,90.7760707,20,60,78,OFF
50,26,28,102,26.52,3.2,14.83,20.17,101.2,8.255450758,77.81891424,56,67,78,OFF
35,45,64,11,26.29,3.08,14.93,21.2,101.21,6.456148474,78.06910795,37,66,85,ON
83,20,53,49,26.06,2.97,15.04,22.22,101.22,6.613072145,85.57925437,49,71,76,OFF
5,0,61,2,25.94,2.86,15.08,18.85,101.24,8.165359297,69.40619137,59,69,80,OFF
27,12,57,99,25.81,2.75,15.12,15.48,101.25,7.64867466,76.32565249,20,79,77,OFF
34,21,37,48,25.73,3.06,15.58,15.64,101.25,6.545888558,80.6405403,24,56,85,ON
32,3,58,4,25.65,3.38,16.05,15.79,101.25,7.104224797,80.1113384,51,72,75,OFF
30,28,31,91,25.59,3.66,16.13,15.84,101.25,7.358099622,91.94595352,57,73,85,OFF
63,8,20,60,25.53,3.94,16.22,15.89,101.25,6.4740245,87.51312796,22,64,82,OFF
61,20,54,96,25.51,3.83,15.56,18.03,101.25,7.840339389,94.00287214,52,73,79,OFF
60,36,22,40,25.49,3.72,14.89,20.17,101.25,7.064790365,88.4585692,29,75,75,ON
54,24,41,55,25.63,4.51,14.34,22.2,101.26,7.599033472,84.78344008,44,59,78,ON
71,26,24,4,25.77,5.31,13.78,24.24,101.26,6.715587232,68.97806542,41,69,82,OFF
14,45,54,89,25.8,5.07,13.56,30.58,101.26,6.81712422,88.68168643,52,56,85,ON
39,15,21,26,25.82,4.83,13.34,36.92,101.27,7.985417393,65.23811143,34,76,80,ON
40,37,62,36,25.74,4.85,13.36,33.84,101.27,7.545258424,65.78042032,42,74,83,ON
50,1,41,99,25.65,4.86,13.38,30.77,101.27,7.728998197,74.63872762,34,71,79,OFF
73,9,34,100,25.64,5.1,13.32,33.84,101.28,7.354973451,82.69766829,27,73,79,OFF
37,41,34,73,25.62,5.34,13.25,36.92,101.28,7.313122235,69.64449182,30,70,79,ON
43,0,66,69,25.38,5.22,14.4,33.46,101.28,7.785039076,87.27444866,57,57,75,OFF
76,29,44,9,25.15,5.1,15.54,30,101.28,6.307004923,70.87150577,27,79,82,OFF
53,36,42,108,25.04,5.35,16.4,28.89,101.28,6.403982316,92.06630306,32,71,85,OFF
71,9,55,82,24.94,5.59,17.26,27.78,101.28,7.599279991,79.20509212,31,76,82,OFF
26,9,65,53,24.83,5.84,18.12,26.67,101.28,7.217018459,68.81405149,33,75,84,ON
12,41,36,44,24.82,6.28,18.26,33.01,101.28,7.561108006,72.85017344,47,80,77,ON
67,13,35,93,24.82,6.72,18.41,39.34,101.28,7.489545074,79.45758333,54,62,80,OFF
17,45,53,85,24.84,6.8,18.22,41.49,101.28,6.609696734,65.11365631,47,79,78,ON
26,38,70,75,24.85,6.87,18.02,43.64,101.28,7.476800943,80.4986291,35,57,83,ON
78,39,34,63,24.91,6.96,17.3,41.18,101.28,7.325451279,73.64476535,53,73,77,ON
30,27,57,104,24.97,7.06,16.58,38.71,101.28,6.489389282,81.5284269,45,61,78,OFF
20,5,38,50,24.88,6.74,16.43,37.26,101.28,7.786366322,88.6810311,37,78,79,ON
79,28,61,107,24.79,6.43,16.29,35.82,101.29,6.408437886,68.4951189,30,75,81,OFF
40,17,42,49,24.66,6.44,16.19,34.12,101.28,8.423873703,78.44910564,37,55,82,ON
10,11,53,82,24.52,6.44,16.09,32.43,101.28,8.719960893,77.33795356,53,65,76,ON
84,8,55,93,24.45,6.27,15.62,34.39,101.28,7.811997977,94.78189594,22,60,85,OFF
11,8,32,110,24.38,6.1,15.14,36.36,101.28,6.317153205,94.03659867,60,61,78,OFF
63,28,38,95,24.29,5.92,14.94,34.39,101.28,7.114405288,78.69707199,42,67,77,OFF
40,2,40,101,24.2,5.73,14.75,32.43,101.28,8.135900726,69.15759062,39,76,76,OFF
33,37,34,62,24.11,5.24,14.77,30.01,101.28,7.714153038,90.82097601,35,63,76,ON
75,11,64,107,24.02,4.76,14.79,27.59,101.28,7.103798069,76.77888672,30,65,82,OFF
24,30,57,3,23.82,4.57,15.1,26.56,101.28,8.861479668,67.9545435,57,56,78,ON
65,15,53,94,23.62,4.38,15.41,25.53,101.28,7.861128148,73.0926704,48,65,78,OFF
35,25,46,94,23.51,3.98,15.27,23.68,101.28,7.4526709,69.09512477,36,56,83,OFF
44,15,33,68,23.4,3.59,15.13,21.82,101.28,7.168096055,89.60982451,40,58,75,ON
39,1,45,96,23.33,4.26,15.57,26.1,101.28,7.26311855,81.78710463,49,69,82,OFF
13,35,24,58,23.26,4.92,16,30.38,101.27,5.68597166,128.256862,13,60,25,ON
20,45,59,95,23.1,5.02,18.12,28.67,101.26,5.759237003,106.3598183,25,70,16,OFF
82,0,65,107,22.94,5.12,20.25,26.97,101.26,5.873171894,109.225556,31,55,22,OFF
72,5,53,46,22.85,4.36,20.45,21.08,101.26,5.926676985,140.3717815,40,64,16,OFF
56,30,36,35,22.76,3.61,20.65,15.19,101.26,5.95561668,76.64128258,2,61,20,ON
14,44,26,94,22.56,4.25,21.04,21.88,101.26,5.949949081,143.0984171,26,65,22,OFF
25,10,57,24,22.36,4.89,21.44,28.57,101.26,5.789214289,60.91974792,17,57,21,ON
13,6,52,71,22.42,4.97,20.72,25.82,101.25,5.581021521,104.7783947,26,80,18,ON
43,43,37,91,22.47,5.06,19.99,23.08,101.24,5.689858133,132.9801054,17,59,17,OFF
62,1,66,98,22.41,4.59,19.48,18.43,101.24,5.794158504,130.0608093,27,59,22,OFF
56,36,47,60,22.35,4.12,18.97,13.79,101.24,5.748190463,143.7630894,28,58,24,ON
60,10,25,41,22.46,5.43,18.12,17.33,101.24,5.566522896,87.99669731,25,57,19,OFF
89,7,56,35,22.58,6.73,17.26,20.87,101.23,5.809419584,144.1567454,28,80,17,OFF
46,23,23,41,22.69,6.79,16.78,27.1,101.22,5.887263027,134.3649948,25,60,22,ON
8,29,32,7,22.8,6.85,16.31,33.33,101.22,5.99812453,88.06638775,12,78,23,ON
13,10,41,63,22.77,7.01,16.06,29.43,101.22,5.792744849,69.63833855,6,77,25,ON
55,35,35,16,22.74,7.17,15.82,25.53,101.21,5.912289889,116.5206923,22,79,17,ON
65,27,44,62,22.6,6.44,16.02,24.88,101.2,5.788386951,86.21917578,27,80,15,ON
34,33,66,5,22.46,5.71,16.22,24.24,101.2,5.728233081,137.1948633,10,55,23,ON
55,17,35,51,22.24,5.09,16.61,21.88,101.2,5.833940084,108.3684316,23,65,20,ON
32,10,40,79,22.03,4.47,17,19.51,101.2,5.967533236,67.71768947,19,78,16,ON
60,38,47,41,21.86,3.87,17.4,17.21,101.2,5.625096446,144.7902323,19,65,25,ON
80,21,48,9,21.69,3.28,17.8,14.91,101.21,5.515615023,69.44951585,22,70,19,OFF
22,16,39,97,21.44,2.75,18.58,13.48,101.2,5.954665349,121.9401369,37,64,22,OFF
2,21,51,62,21.19,2.22,19.35,12.06,101.2,5.74644777,82.68554379,11,71,17,ON
31,8,26,33,21.12,3.49,20.23,16.38,101.2,5.877347515,139.7521543,18,79,20,OFF
59,11,50,40,21.04,4.75,21.1,20.69,101.2,5.979973965,108.3441414,21,63,17,OFF
27,6,53,75,21.38,6,20.2,25.73,101.2,5.635993966,96.77285817,24,80,22,OFF
42,40,54,102,21.71,7.24,19.31,30.77,101.19,5.635231778,100.6711761,34,60,22,OFF
19,31,68,54,21.76,6.86,19.27,32.28,101.2,5.679224346,87.0513289,16,75,21,ON
37,43,41,37,21.81,6.49,19.23,33.8,101.2,5.670062975,64.19497947,17,77,23,ON
17,16,47,55,21.64,6.08,19.92,30.53,101.2,5.724242065,105.4120514,37,72,18,ON
42,22,62,38,21.46,5.66,20.61,27.27,101.2,5.811314232,61.13872036,40,73,20,ON
90,39,46,61,21.37,5.8,20.76,24.74,101.2,5.783425416,106.158201,9,77,17,ON
27,9,35,26,21.28,5.93,20.92,22.22,101.2,5.607808432,139.0302034,1,62,23,OFF
12,1,40,96,21.33,6.42,20.92,25.23,101.2,5.946999529,122.3886015,33,59,22,OFF
26,13,43,90,21.38,6.92,20.92,28.24,101.2,5.852046999,129.5650601,23,59,19,ON
35,19,52,95,21.28,6.67,21.41,30.78,101.2,5.824090984,120.4509288,6,62,22,OFF
84,45,36,65,21.19,6.42,21.9,33.33,101.21,5.502999119,95.17028129,25,63,20,ON
44,43,66,107,21.16,6.57,22.01,33.11,101.21,5.821649914,96.65888933,7,79,23,OFF
90,28,63,78,21.13,6.72,22.12,32.88,101.21,5.711439256,87.87869161,8,72,17,OFF
6,15,40,47,21.02,7.19,22.5,35.38,101.21,5.514927264,138.2362122,27,64,15,ON
70,23,53,20,20.92,7.67,22.88,37.87,101.21,5.99616119,120.6913038,28,66,23,OFF
76,18,26,34,20.82,8.14,23.25,40.36,101.21,5.695422863,107.3850593,32,57,18,OFF
7,3,61,59,20.71,8.62,23.63,42.86,101.21,5.833010958,108.6434544,27,56,22,ON
87,12,58,5,20.72,7.92,23.19,38.08,101.21,5.568456899,109.0193712,17,77,24,OFF
86,33,61,66,20.72,7.23,22.74,33.31,101.21,5.645435626,95.84253438,0,65,15,ON
64,28,46,49,20.73,6.54,22.3,28.54,101.21,5.821194486,60.27552528,13,72,21,ON
15,38,53,90,20.74,5.84,21.86,23.76,101.21,5.659254981,100.0497183,34,60,23,ON
18,44,32,84,20.6,5.66,22.1,25.68,101.22,5.945465949,125.0972687,9,80,19,ON
50,24,29,53,20.46,5.48,22.33,27.59,101.22,5.951177452,113.334026,11,72,20,OFF
36,11,50,99,20.38,5.64,22.6,25.31,101.22,5.520880014,103.2926407,3,67,24,OFF
81,32,46,52,20.3,5.8,22.88,23.02,101.22,5.578410206,75.45328039,35,69,23,ON
66,38,22,105,20.22,5.97,23.15,20.74,101.22,5.608165195,62.21292186,3,77,25,OFF
86,4,66,1,20.14,6.13,23.42,18.46,101.22,5.609435128,98.77794225,23,62,19,OFF
5,0,69,104,20.12,5.96,23.38,26.38,101.22,5.509295379,107.6907964,22,71,17,OFF
85,28,61,20,20.09,5.78,23.34,34.29,101.22,5.902033406,63.38208822,31,79,25,OFF
14,12,41,73,20.01,5.65,23.66,34.45,101.22,5.744117663,87.66898664,34,59,18,ON
32,34,45,50,19.93,5.53,23.99,34.62,101.22,5.717143397,138.414764,12,63,17,ON
3,42,23,21,19.85,5.4,24.31,34.78,101.22,5.542690119,94.9533526,27,56,20,ON
20,19,46,75,19.62,6.14,25.28,30.72,101.22,5.858617867,107.7315386,7,63,24,ON
53,12,68,36,19.4,6.87,26.25,26.67,101.23,5.618844277,104.6252153,24,67,22,ON
9,34,47,58,19.21,6.48,26.8,27.62,101.24,5.606620346,141.6056722,11,71,24,ON
6,32,26,55,19.02,6.08,27.36,28.57,101.24,5.582178402,62.7089169,37,74,15,ON
79,8,47,48,18.74,4.35,28.08,23.58,101.24,5.56503533,135.3315583,25,76,24,OFF
76,39,27,69,18.45,2.62,28.79,18.6,101.25,5.889614577,125.084915,34,66,17,ON
77,23,27,108,18.28,3.14,29.61,18.32,101.25,5.934136378,107.4137246,20,69,15,OFF
63,45,37,13,18.11,3.66,30.43,18.05,101.25,5.683548308,63.59276673,37,65,16,OFF
3,5,42,7,18.01,4.36,30.62,21.14,101.25,5.70836603,146.4727237,18,74,15,OFF
40,3,20,63,17.91,5.05,30.8,24.24,101.25,5.948164454,119.6404412,4,67,25,OFF
31,20,34,96,18.06,5.82,29.96,25.6,101.26,5.774755144,126.7265372,37,56,25,OFF
90,5,49,2,18.22,6.6,29.13,26.97,101.27,5.97229163,134.1811718,5,59,15,OFF
8,27,37,27,18.24,6.24,28.95,26.12,101.28,5.532100554,135.3378033,11,61,21,ON
37,1,22,96,18.25,5.89,28.77,25.26,101.29,5.669560726,100.118612,22,80,20,OFF
22,4,65,25,18.24,5.99,28.24,26.92,101.3,5.655726817,68.51253427,12,61,19,ON
70,30,60,99,18.22,6.1,27.7,28.57,101.3,5.591704014,66.97053257,5,74,21,OFF
84,32,29,107,18.26,5.88,27.26,25.82,101.3,5.932323085,69.14681022,27,69,22,OFF
29,39,53,98,18.3,5.67,26.83,23.08,101.3,5.824208309,88.88796102,31,75,18,OFF
18,15,33,103,18.32,5.8,26.9,24.37,101.31,5.86442953,81.83420522,36,68,20,OFF
82,11,25,93,18.33,5.94,26.98,25.66,101.32,5.866744372,109.1013261,5,65,16,OFF
86,29,48,58,18.34,6.07,27.06,26.95,101.33,5.706198621,81.60211243,32,79,15,ON
12,21,32,109,18.36,6.2,27.13,28.24,101.34,5.940546818,112.6616435,11,78,22,OFF
64,11,32,90,18.58,6.88,26.56,33.48,101.34,5.916779289,143.8584938,0,55,22,ON
16,20,32,60,18.8,7.55,25.98,38.71,101.34,5.779090476,146.4548645,14,59,15,ON
47,9,31,57,19.12,8.3,25.23,40.04,101.34,5.82738029,116.7324324,29,68,23,OFF
51,16,70,17,19.44,9.06,24.48,41.38,101.35,5.514234138,149.7441028,32,68,19,ON
5,5,23,49,19.71,8.13,23.94,42.51,101.35,5.662699104,124.6118471,17,64,17,ON
90,19,56,38,19.98,7.2,23.4,43.64,101.36,5.86390397,115.199245,13,69,19,OFF
32,0,25,90,20.46,6.95,22.37,36.81,101.36,5.624690248,84.64143632,14,67,22,OFF
16,22,70,40,20.94,6.7,21.34,29.98,101.36,5.591560999,129.3449326,9,69,20,ON
42,30,52,91,21.43,6.44,20.3,23.16,101.36,5.976312538,130.3900798,20,73,22,OFF
86,32,50,34,21.91,6.19,19.27,16.33,101.36,5.669236258,80.15293435,40,78,20,OFF
86,9,69,17,22.48,6.74,18.02,26.08,101.37,5.961934481,64.02640797,27,72,23,OFF
80,3,34,30,23.06,7.3,16.76,35.82,101.38,5.690065688,139.2921004,14,67,15,OFF
58,43,58,36,23.64,7.46,15.44,26.86,101.38,5.698371311,76.14153904,7,56,18,ON
90,37,40,60,24.22,7.62,14.13,17.91,101.38,5.59503163,73.36386477,27,65,18,ON
78,44,70,72,24.66,8.62,13.18,38.22,101.38,5.525904526,100.5978728,30,63,16,ON
38,26,24,73,25.1,9.63,12.22,58.54,101.38,5.819403771,84.06354115,37,70,25,ON
39,23,45,60,25.65,9.74,11.43,57.84,101.38,5.562201934,133.1914419,27,63,19,ON
9,8,31,103,26.19,9.84,10.64,57.14,101.39,5.630664753,104.2570723,22,60,24,OFF
73,37,22,35,26.74,9.84,9.84,59.34,101.4,6.03160778,122.6539694,3,72,24,OFF
77,0,50,72,27.3,9.83,9.03,61.54,101.4,5.269084669,163.7266551,40,59,23,OFF
16,17,61,12,27.61,10.36,8.72,78.77,101.41,5.985792703,103.3301803,33,73,23,OFF
56,37,55,68,27.92,10.88,8.41,96,101.42,6.09186275,142.3303677,27,57,24,ON
8,4,37,56,28.06,11.48,8.38,94.22,101.42,5.624731338,184.6226709,10,79,18,ON
27,45,20,92,28.2,12.07,8.34,92.44,101.43,6.446091759,149.299952,30,75,25,OFF
29,8,68,64,28.35,12.66,8.3,90.67,101.43,5.623490043,147.0361442,40,70,20,ON
17,10,64,88,28.49,13.26,8.27,88.89,101.43,5.864623352,198.8298806,38,55,19,ON
60,43,48,64,28.8,13.66,7.94,79.74,101.43,5.761702519,90.05422663,35,58,20,ON
20,15,40,57,29.12,14.06,7.6,70.59,101.43,4.696518678,127.7767134,38,61,21,ON
82,43,39,102,29.65,12.72,7.26,59.78,101.44,5.269504214,108.6333046,33,58,24,OFF
59,25,61,96,30.17,11.38,6.91,48.98,101.44,7.445444883,176.6165894,16,56,17,OFF
46,13,56,54,30.53,11.61,6.69,52.95,101.45,5.833031708,96.36222901,31,72,17,OFF
35,37,30,87,30.9,11.84,6.46,56.92,101.46,7.339320929,122.0146733,16,80,20,ON
67,39,60,0,31.26,12.07,6.24,60.89,101.46,6.347929353,120.7435664,27,72,17,ON
76,37,46,60,31.62,12.3,6.02,64.86,101.47,4.697750704,96.51524028,40,62,19,ON
2,45,59,70,31.62,12.74,5.68,68.8,101.47,4.962661422,180.382234,18,58,16,ON
20,30,21,104,31.62,13.18,5.33,72.73,101.47,4.964887857,107.4721605,3,68,16,OFF
36,29,39,62,31.92,13.71,5.12,67.14,101.47,5.642813116,161.4812963,26,67,24,ON
86,24,42,93,32.21,14.24,4.92,61.54,101.47,5.6093956,121.5639121,16,70,20,OFF
7,5,44,92,32.44,12.96,4.72,47.44,101.46,4.681576043,194.5921148,24,63,19,OFF
82,34,64,4,32.66,11.69,4.53,33.33,101.46,5.70951224,179.2155874,9,76,25,OFF
20,27,27,67,33.02,12.14,4.32,33.33,101.46,6.413543781,192.4372194,16,55,19,ON
65,27,34,19,33.38,12.59,4.11,33.33,101.45,6.007508163,114.2821387,28,75,21,OFF
32,11,53,54,33.16,13.43,4.11,58.04,101.44,4.946369874,139.6483317,16,71,24,OFF
72,7,32,51,32.94,14.27,4.11,82.76,101.44,5.517208078,132.7748215,24,70,21,ON
73,44,39,79,33.2,13.66,4.08,61.38,101.44,5.902103172,186.5008581,38,72,21,ON
8,32,48,15,33.45,13.06,4.05,40,101.43,5.719889876,157.0858232,9,66,21,ON
7,31,39,58,33.65,13.34,3.86,60,101.42,4.548202098,139.6702541,34,56,17,ON
58,17,60,94,33.84,13.61,3.67,80,101.41,6.669529416,177.3377996,1,76,19,OFF
68,12,25,65,34.03,12.88,3.66,84.44,101.4,4.750929218,94.46748008,6,69,19,OFF
65,37,58,15,34.22,12.14,3.66,88.89,101.4,4.946263888,161.7820226,26,73,21,OFF
31,37,29,11,34.36,12.2,3.56,85.82,101.39,5.266227032,108.5090168,27,61,18,ON
54,42,44,80,34.51,12.26,3.45,82.76,101.38,7.10959773,150.8712202,27,71,23,ON
12,32,56,93,34.57,12.4,3.29,68.66,101.36,5.617008201,168.5948318,36,61,21,OFF
78,37,54,70,34.63,12.53,3.13,54.55,101.35,5.632353113,197.3752649,17,73,18,ON
72,16,30,105,34.75,12.92,3.02,58.04,101.34,4.674941549,91.72084869,26,72,22,OFF
17,33,69,65,34.86,13.32,2.91,61.54,101.34,7.161797643,180.716828,17,64,16,ON
11,41,23,110,34.76,12.9,2.93,46.16,101.33,6.624966131,93.12330644,14,74,19,OFF
64,9,26,110,34.66,12.47,2.95,30.77,101.32,5.004074624,116.9106908,39,60,15,OFF
72,44,24,93,34.74,12.9,2.76,40.92,101.31,6.345806011,159.2649827,6,66,15,OFF
22,18,57,51,34.81,13.34,2.58,51.06,101.3,6.216814453,187.8961851,8,59,18,OFF
36,38,31,75,34.3,13.45,2.76,50.02,101.29,5.921666758,129.0064612,2,67,18,ON
18,17,40,10,33.8,13.56,2.94,48.98,101.28,6.012719118,147.0414824,1,76,17,OFF
84,42,67,85,33.34,13.78,3.16,61.99,101.27,4.684079249,163.2747473,16,73,19,ON
21,45,55,39,32.89,14,3.38,75,101.26,7.077170002,91.31256412,23,75,25,ON
56,20,33,36,32.86,13.04,3.64,59.72,101.25,6.208843215,195.5697875,32,70,20,ON
73,4,67,61,32.83,12.09,3.91,44.44,101.24,7.05181629,170.9919828,28,59,22,ON
79,21,63,30,33.33,11.1,3.63,34.34,101.24,4.722222454,145.3728801,5,62,23,OFF
56,27,25,45,33.82,10.1,3.35,24.24,101.23,6.418062652,136.0456753,36,67,25,ON
82,43,59,87,33.83,11.44,3.38,43.7,101.22,4.803564468,173.1686574,1,66,23,ON
77,42,42,15,33.83,12.78,3.41,63.16,101.21,4.608695247,176.4134092,24,73,20,OFF
79,16,58,86,34,12.05,3.35,61.58,101.2,5.611510977,129.2028653,17,67,18,OFF
10,44,38,45,34.18,11.32,3.29,60,101.2,7.322097972,126.6738117,5,55,18,ON
57,6,28,48,34.48,11.28,3.23,55,101.19,5.023115055,188.4928637,5,56,24,OFF
68,17,62,69,34.77,11.24,3.17,50,101.18,5.617122801,191.0658531,37,77,17,OFF
46,1,58,28,34.58,11.82,3.02,58.34,101.18,5.391560418,162.5927723,13,73,20,OFF
83,16,31,82,34.38,12.4,2.88,66.67,101.17,5.906596905,160.3337447,6,63,23,OFF
26,23,60,107,34.13,11.04,3.16,55.16,101.16,6.574209678,100.546816,16,77,22,OFF
78,24,45,81,33.88,9.67,3.43,43.64,101.15,4.807776749,105.0380275,25,64,20,ON
7,29,48,22,34.12,10.67,3.4,43.25,101.15,4.760038039,192.3023991,34,75,24,ON
48,2,52,97,34.37,11.67,3.37,42.86,101.14,5.180271502,148.2502786,20,77,23,OFF
34,0,33,55,34.07,11.29,3.49,35.55,101.13,4.895927306,197.1144011,35,80,25,OFF
48,3,36,71,33.77,10.91,3.6,28.24,101.12,6.436160044,118.3606557,14,75,24,OFF
5,27,29,47,33.76,11.01,3.53,36.97,101.12,7.066087261,100.4673278,36,80,21,ON
15,36,37,52,33.76,11.12,3.46,45.7,101.11,6.655918078,191.0895109,7,77,18,ON
48,2,59,69,33.76,11.22,3.39,54.43,101.1,5.982854523,195.787103,29,78,25,OFF
48,41,21,19,33.75,11.32,3.32,63.16,101.1,5.457871273,182.2688175,30,60,21,ON
74,24,25,101,33.55,12.22,3.34,86.12,101.09,4.759490199,159.8938645,20,74,16,OFF
10,42,35,99,33.35,13.11,3.36,109.09,101.08,7.342409555,141.1250722,19,57,23,OFF
23,0,58,43,33.39,11.93,3.13,76.37,101.08,4.820788186,100.7791633,3,60,19,OFF
35,3,53,1,33.42,10.76,2.9,43.64,101.08,6.242052013,175.9303271,5,77,19,OFF
74,3,42,26,33.54,10.62,3.06,48.48,101.07,5.001038726,139.8710041,5,68,20,OFF
17,16,57,21,33.67,10.48,3.21,53.33,101.07,5.560224583,189.5208915,37,73,21,OFF
37,4,31,68,33.72,10.03,3.3,51.16,101.07,4.747352458,137.2279662,9,59,24,OFF
77,6,59,68,33.77,9.58,3.39,48.98,101.07,7.313517308,134.8596466,20,72,15,OFF
44,2,53,0,33.77,9.23,3.53,49.49,101.06,5.661826398,174.5723999,31,56,23,OFF
62,8,55,57,33.77,8.88,3.66,50,101.06,4.672437054,101.6073988,0,70,21,OFF
70,24,41,5,33.76,9.76,3.35,52.28,101.05,6.471862118,153.2504506,21,74,15,OFF
19,2,27,70,33.74,10.63,3.04,54.55,101.04,5.384762927,177.5764304,13,67,18,ON
9,44,66,90,33.72,10.18,3.22,56.56,101.04,5.859813416,91.95792434,27,74,20,ON
50,35,37,78,33.7,9.73,3.41,58.56,101.04,6.962386495,162.5931264,29,72,24,ON
65,41,63,62,33.67,9.28,3.6,60.56,101.03,6.12166671,155.3705624,5,68,20,ON
9,24,20,34,33.65,8.83,3.78,62.57,101.03,6.421748487,165.4113371,39,57,19,ON
42,10,35,17,33.45,9.21,3.68,64.58,101.03,4.828936119,180.9009998,22,62,16,ON
22,17,69,43,33.25,9.59,3.58,66.58,101.02,6.98571967,136.8274312,18,55,23,ON
57,17,55,13,33.04,9.97,3.49,68.59,101.02,4.603563116,159.689339,39,77,21,ON
25,44,25,94,32.84,10.35,3.39,70.59,101.02,6.979540061,178.8998611,13,75,20,OFF
25,34,51,59,32.75,10.32,3.4,65.77,101.02,7.064973419,165.405354,27,71,24,ON
16,16,52,28,32.66,10.3,3.4,60.94,101.02,5.16516459,109.1821183,26,64,22,OFF
79,45,27,93,32.56,10.27,3.4,56.12,101.02,5.111488821,185.2039114,23,55,16,OFF
84,7,25,61,32.47,10.24,3.41,51.3,101.02,5.374358869,149.063196,4,69,19,OFF
2,31,29,40,32.38,10.21,3.42,46.47,101.01,5.671419084,180.6465282,20,67,19,ON
33,26,28,99,32.29,10.18,3.42,41.65,101.01,5.667419697,96.74706956,7,74,17,OFF
80,29,31,32,32.19,10.16,3.42,36.82,101.01,6.07938452,124.6028153,17,64,18,OFF
86,34,36,71,32.1,10.13,3.43,32,101.01,6.931924963,198.1403003,35,71,17,ON
30,24,60,110,31.95,10.05,3.66,31.37,101.01,6.842744374,172.40168,11,72,22,OFF
86,27,46,98,31.8,9.97,3.89,30.75,101.02,6.876572503,186.9226052,20,60,22,OFF
1,18,37,59,31.66,9.9,4.12,30.12,101.02,6.151029296,173.1106982,10,71,18,ON
45,7,26,15,31.51,9.82,4.34,29.49,101.02,4.567446499,122.4564203,33,61,24,ON
53,6,20,98,31.36,9.74,4.57,28.87,101.03,3.692863601,32.67891866,3,49,18,OFF
39,34,34,6,31.21,9.66,4.8,28.24,101.03,4.371745575,36.5037914,22,59,23,ON
2,20,24,47,30.98,8.92,5.4,34.81,101.02,8.399135958,36.92629678,36,58,25,ON
50,23,24,47,30.76,8.18,6,41.38,101.02,8.840656256,72.98016599,4,43,18,OFF
41,5,60,10,30.55,8.91,5.78,34.48,101.02,8.153022903,32.05025323,29,54,16,ON
76,7,25,51,30.34,9.65,5.56,27.59,101.03,5.270749441,71.6266696,32,43,22,OFF
11,7,30,65,30.18,9,5.58,31.7,101.03,8.050304395,73.44775287,14,55,15,ON
59,5,44,97,30.02,8.36,5.61,35.82,101.03,9.679240873,66.35634104,5,35,20,OFF
80,43,33,98,29.8,8.19,5.9,31.24,101.04,6.974978386,36.94255012,25,57,24,OFF
21,36,35,72,29.58,8.02,6.19,26.67,101.04,7.39389918,61.32935611,11,53,24,ON
37,16,25,57,29.35,7.84,6.48,22.1,101.05,6.68727523,53.56783314,40,49,17,OFF
20,35,59,85,29.13,7.67,6.77,17.52,101.06,7.88118645,67.43488235,38,56,25,ON
74,7,43,101,28.82,6.8,7.57,19.02,101.06,5.875333778,44.94317432,27,43,23,OFF
52,19,34,3,28.52,5.93,8.37,20.51,101.06,8.202706015,34.96933295,24,38,22,ON
17,26,66,70,28.24,6.37,8.67,18.37,101.06,8.985348193,74.44330654,23,45,21,ON
20,37,45,20,27.97,6.81,8.97,16.22,101.07,5.87707519,53.39249517,29,57,20,ON
31,2,22,102,27.86,6.76,8.16,14.93,101.07,7.707595055,68.04039813,31,35,23,OFF
5,43,23,42,27.76,6.7,7.35,13.64,101.07,4.524171562,45.78172762,0,55,25,ON
61,1,32,73,27.68,6.62,6.88,14.61,101.07,9.926212291,74.32635105,7,45,22,ON
70,35,29,78,27.61,6.55,6.41,15.58,101.07,6.455592696,32.76742894,17,58,25,ON
62,28,39,66,27.42,5.68,6.67,14.68,101.06,8.016210782,35.1051197,11,44,17,ON
55,40,33,27,27.23,4.82,6.93,13.79,101.06,3.71105919,72.66666443,22,49,22,ON
65,14,56,3,26.97,5.44,7.48,13.68,101.06,5.49091063,48.25207759,9,51,19,ON
83,33,59,19,26.71,6.06,8.02,13.56,101.06,9.254089438,40.89732789,28,48,15,OFF
52,7,47,14,26.63,5.78,8.32,19.55,101.07,6.005242945,32.55919573,26,50,19,ON
40,44,58,29,26.55,5.5,8.63,25.53,101.08,7.437078236,31.87416982,36,56,20,ON
87,0,69,82,26.44,5.54,8.72,22.29,101.08,3.808429173,53.1205277,8,60,18,OFF
77,17,20,50,26.32,5.59,8.81,19.05,101.09,5.818219385,62.74803826,24,37,21,OFF
74,7,50,23,26.12,5.04,9,21.06,101.1,4.52363558,46.19374559,22,43,24,OFF
36,14,55,96,25.93,4.49,9.18,23.08,101.11,3.510404312,41.53749535,36,43,24,OFF
3,1,32,26,25.96,4.82,9.11,18.1,101.12,6.030447288,58.99536268,22,44,24,OFF
12,42,53,30,26,5.15,9.04,13.11,101.13,5.498340808,41.0550915,17,43,22,ON
54,26,33,8,26.05,5.56,8.93,13.87,101.14,4.61136408,33.84110759,8,45,15,ON
32,45,54,105,26.1,5.96,8.81,14.63,101.14,5.545219232,55.50429227,7,56,23,OFF
28,24,37,66,26.05,5.85,8.85,15.65,101.15,8.292875734,57.02891698,36,57,16,ON
89,41,57,85,26,5.74,8.88,16.67,101.15,3.828031463,44.11622138,11,45,19,ON
60,21,59,101,25.92,5.82,9.12,20.84,101.16,8.869532817,42.24783476,6,36,22,OFF
55,19,29,79,25.85,5.9,9.35,25,101.16,3.793575185,66.1761456,17,57,20,OFF
85,35,27,90,25.72,6.46,9.66,28.94,101.18,4.193189124,72.19245835,4,47,20,ON
80,38,64,89,25.6,7.02,9.97,32.88,101.19,7.661537348,55.053805,9,49,16,ON
74,32,20,108,25.54,6.42,10.24,24.18,101.2,9.392694614,65.07981523,25,51,24,OFF
24,5,66,50,25.49,5.83,10.5,15.48,101.2,4.516154055,38.48678973,36,44,21,ON
29,43,60,62,25.43,5.92,10.95,19.39,101.2,5.794289715,62.20279647,21,38,20,ON
49,41,31,30,25.37,6,11.4,23.3,101.21,7.354286985,70.79934452,37,57,20,ON
43,18,39,0,25.14,5.29,11.9,26.84,101.22,5.993513566,64.16167699,32,48,18,ON
5,28,62,9,24.91,4.58,12.4,30.38,101.22,8.620107545,31.83192392,29,44,20,ON
71,14,67,76,24.66,4.2,12.8,27.96,101.22,9.45949344,50.28438729,25,51,18,ON
49,24,45,48,24.4,3.83,13.2,25.53,101.23,8.0344125,58.27600682,10,44,24,ON
40,10,32,106,24.4,4.31,13.39,27.22,101.23,5.414492777,36.99362831,23,35,18,OFF
21,23,28,95,24.4,4.8,13.58,28.92,101.23,6.276004336,64.25520357,9,60,23,OFF
17,11,40,83,24.26,4.7,14.26,28.74,101.24,9.160691747,55.60523179,3,58,21,ON
13,31,35,82,24.13,4.59,14.94,28.57,101.24,7.887658711,48.46797044,22,42,22,ON
59,28,32,33,24.04,4.44,15.38,28.08,101.25,8.183844843,70.4713043,12,39,21,ON
63,38,35,92,23.95,4.28,15.81,27.59,101.26,9.072011412,34.03335472,39,36,22,OFF
82,26,58,67,23.87,4.97,16.02,25.44,101.26,7.702287236,68.54877876,32,41,16,OFF
75,12,25,16,23.79,5.67,16.23,23.3,101.27,5.88509677,52.0810886,30,41,15,OFF
57,31,66,20,23.65,4.76,16.53,16.92,101.27,6.16496284,57.04826619,19,36,22,ON
83,21,62,29,23.51,3.84,16.83,10.53,101.27,3.504752314,63.77192383,4,46,15,OFF
39,45,61,47,23.47,4.2,16.6,15.1,101.27,7.388007483,60.74583498,21,39,20,ON
65,23,23,64,23.43,4.56,16.38,19.67,101.27,8.340398059,71.1271039,35,57,25,ON
54,38,63,46,23.22,3.87,16.54,20.84,101.27,8.66077954,64.53027638,22,55,24,ON
10,28,61,103,23.01,3.19,16.69,22.02,101.27,3.558822825,40.85534718,35,51,17,OFF
8,27,53,41,23.06,4.66,16.48,25.13,101.26,5.9565851,69.66289997,17,56,17,ON
28,29,47,102,23.11,6.14,16.28,28.24,101.26,9.416003106,61.86633917,28,57,17,OFF
19,33,31,22,23,5.27,16.45,25.03,101.26,8.18422855,64.58559639,22,36,16,ON
70,28,24,43,22.89,4.4,16.63,21.82,101.26,5.131779302,44.13827124,11,41,19,ON
31,12,32,60,22.64,3.53,16.92,19.42,101.26,6.294130313,35.73403813,38,38,18,ON
83,22,61,2,22.39,2.66,17.22,17.02,101.27,7.991902443,33.95825723,23,37,24,OFF
6,41,56,103,22.36,3.54,17.12,22.3,101.27,8.923095695,71.90018566,25,35,20,OFF
29,11,29,10,22.33,4.43,17.01,27.59,101.27,6.878498176,38.34303462,40,45,20,ON
72,24,46,19,22.3,4.28,16.97,18.29,101.28,5.243634849,59.18953429,23,58,19,OFF
14,27,60,87,22.27,4.14,16.92,8.99,101.28,7.550090941,36.91852635,2,56,23,ON
31,23,70,34,22.2,4.68,17.72,17.12,101.28,8.709291688,52.13580529,3,56,17,ON
7,17,57,99,22.12,5.22,18.52,25.26,101.28,7.792508068,55.21606732,26,51,25,OFF
34,11,25,103,22.08,5.56,19.08,24.17,101.28,8.055908858,40.82840673,39,42,20,OFF
39,9,57,93,22.03,5.9,19.64,23.08,101.28,4.397698806,36.01203025,27,59,20,OFF
88,15,52,78,21.72,5.26,21.18,23.3,101.28,5.952384957,34.7426459,24,45,19,OFF
12,44,42,88,21.41,4.61,22.71,23.53,101.28,8.532078733,53.78769958,7,40,17,ON
90,29,53,61,21.23,4.76,23.61,23.88,101.28,7.224193642,46.0203959,15,45,23,ON
26,22,35,1,21.05,4.91,24.51,24.24,101.28,4.931890506,52.92929636,26,52,23,ON
11,27,25,5,21.11,5.34,24.38,18.75,101.28,4.626212446,45.43669946,20,45,16,ON
74,17,23,39,21.17,5.78,24.25,13.26,101.28,5.026003659,68.80141783,34,54,24,OFF
71,15,23,104,21.13,5.68,23.97,19.18,101.28,3.5253661,43.87801983,19,51,25,OFF
43,43,32,73,21.1,5.57,23.7,25.09,101.28,8.86979671,64.56807592,29,41,21,ON
84,32,34,20,21.06,5.46,23.42,31.01,101.27,9.406887533,38.31597852,20,50,22,OFF
44,19,31,88,21.02,5.36,23.14,36.92,101.27,5.80428611,50.1978269,11,40,23,OFF
42,24,20,75,20.85,5.29,23.42,35.01,101.27,8.35495812,44.86052932,15,54,15,ON
20,37,57,46,20.67,5.22,23.69,33.1,101.26,8.634929739,55.51932414,35,55,22,ON
36,17,22,98,20.5,5.15,23.96,31.18,101.26,7.699200949,35.37493212,9,59,25,OFF
26,2,32,14,20.33,5.08,24.24,29.27,101.26,5.261285926,30.92014047,40,45,18,ON
20,44,55,97,20.29,5.39,24.1,31.78,101.25,9.112771682,32.71129281,35,38,19,OFF
11,41,21,19,20.25,5.7,23.97,34.29,101.24,4.605700542,33.48919022,14,58,17,ON
49,19,47,104,20.19,5.59,23.94,32.86,101.24,7.115994051,47.95406479,40,55,18,OFF
49,16,25,10,20.13,5.49,23.91,31.43,101.24,7.214078621,35.03404425,18,36,23,ON
39,37,33,21,20.07,5.38,23.88,30,101.24,9.93509073,65.67591794,35,52,15,ON
83,32,22,56,19.9,5.49,24.06,30.79,101.24,8.914074888,42.44054315,4,59,22,ON
40,34,55,2,19.74,5.6,24.25,31.58,101.23,8.639586199,70.10472076,22,51,16,ON
2,25,22,13,19.66,5.41,24.32,29.12,101.24,8.621514073,63.9187654,33,47,17,ON
85,24,25,71,19.58,5.22,24.4,26.67,101.24,5.838508699,38.53254678,2,51,17,OFF
35,20,61,1,19.34,5.11,25.15,26.97,101.24,3.532008668,32.81296548,16,51,21,ON
36,32,60,61,19.1,4.99,25.9,27.27,101.23,7.18530147,54.73367631,19,55,20,ON
75,31,44,0,19.09,4.9,25.85,23.55,101.22,7.034214276,38.7976407,8,54,20,OFF
71,12,33,15,19.08,4.81,25.81,19.83,101.22,6.635968698,55.296354,36,55,20,OFF
81,28,37,48,19.01,5.31,25.6,24.73,101.21,6.828187499,36.35720652,10,56,16,ON
18,36,49,17,18.94,5.81,25.39,29.63,101.2,6.89077995,44.75215854,22,56,17,ON
21,25,46,89,18.96,6.35,24.76,33.56,101.2,7.165121109,42.99498978,9,57,24,ON
46,19,42,108,18.99,6.89,24.14,37.5,101.19,6.935804256,56.48265193,34,59,23,OFF
60,25,40,24,19.02,6.92,23.64,36.66,101.18,7.196774236,53.01899249,31,51,25,OFF
12,28,32,100,19.04,6.96,23.13,35.82,101.17,6.990095452,41.82490236,0,49,18,OFF
13,0,60,72,18.98,6.69,22.65,32.72,101.17,7.064782138,46.75690086,21,39,20,ON
82,11,20,47,18.93,6.42,22.17,29.63,101.17,7.156563094,59.87232071,28,35,22,OFF
27,41,59,50,18.99,7.08,21.66,34.82,101.16,6.364967184,44.64407105,17,52,17,ON
9,2,62,16,19.06,7.75,21.14,40,101.15,6.428054409,44.01206619,24,42,23,ON
62,7,68,75,19.07,8.25,20.74,43.08,101.15,6.664187809,45.91011391,28,46,16,ON
82,31,30,2,19.08,8.76,20.33,46.15,101.14,6.637677489,37.54602719,21,38,21,OFF
51,35,52,79,19.02,9.11,20.26,43.42,101.14,6.79385576,40.77872823,34,60,25,ON
61,0,53,79,18.95,9.46,20.18,40.68,101.13,6.852884643,42.83053902,19,53,22,OFF
89,12,34,19,18.78,8.87,20.86,41.03,101.12,7.121571293,51.52617423,31,58,15,OFF
56,5,39,4,18.61,8.28,21.54,41.38,101.12,6.883308033,49.11964582,19,35,24,OFF
13,37,28,1,18.52,8.2,21.96,41.2,101.12,6.421271178,57.65901369,24,53,17,ON
19,38,51,22,18.44,8.11,22.38,41.03,101.12,6.54450214,43.1386631,13,47,20,ON
90,22,27,13,18.35,8.02,22.81,40.86,101.12,6.452006451,48.54598575,31,53,16,OFF
60,41,20,103,18.26,7.94,23.23,40.68,101.12,6.489259136,56.76278363,28,45,23,OFF
39,7,56,78,18.38,8.78,22.28,48.91,101.12,6.713410626,37.31236904,31,37,21,OFF
72,15,43,86,18.49,9.61,21.32,57.14,101.11,6.510840928,56.51103293,33,60,15,ON
90,37,57,105,18.52,8.89,20.45,51.64,101.1,6.287380117,37.01110438,34,45,21,OFF
44,34,36,35,18.55,8.17,19.59,46.15,101.1,6.86308576,50.47333854,13,57,25,ON
73,19,42,21,18.54,8.12,19.21,46.6,101.1,6.78415271,57.79863368,33,57,17,OFF
71,27,69,53,18.52,8.07,18.83,47.06,101.1,6.769415888,44.56598352,32,57,22,ON
55,36,47,110,18.4,8.48,19.38,42.58,101.1,6.320768488,56.68833819,23,59,25,OFF
70,7,39,28,18.28,8.88,19.93,38.1,101.11,6.705008504,59.87065439,35,41,18,OFF
35,25,66,21,18.04,8.34,20.98,40.11,101.12,6.790736339,48.48319335,6,48,24,ON
25,33,45,6,17.8,7.8,22.04,42.11,101.12,7.130278657,48.56690235,29,36,25,ON
26,14,61,10,17.65,7.35,22.72,38.2,101.12,7.012740397,43.80041104,4,36,22,ON
53,36,24,33,17.5,6.9,23.41,34.29,101.11,7.155685016,36.94616965,10,59,22,ON
86,3,51,54,17.38,6.46,23.49,36.5,101.11,6.991242362,53.43228915,14,48,21,OFF
2,5,65,94,17.27,6.02,23.57,38.71,101.11,6.218923893,50.49913241,8,50,21,OFF
28,21,48,57,17.28,5.9,22.52,34.17,101.11,7.199495368,45.04467075,20,40,15,ON
15,37,53,81,17.29,5.79,21.48,29.63,101.11,6.389882166,58.37249772,36,43,22,ON
36,17,62,81,17.37,6.48,20.2,39.82,101.11,6.623438282,40.12044158,14,57,15,OFF
35,34,34,46,17.45,7.16,18.92,50,101.11,7.033012777,51.09802625,11,60,23,ON
54,22,59,12,17.56,7.51,18.41,51.66,101.11,6.32400451,58.86687093,10,59,15,ON
72,25,50,98,17.68,7.86,17.9,53.33,101.11,6.397636709,56.04995423,7,60,25,OFF
86,44,48,51,17.7,8.14,17.65,51.66,101.11,6.401455706,58.41394143,2,47,15,ON
34,14,37,40,17.71,8.42,17.4,50,101.11,6.904587016,54.96121262,20,45,22,ON
36,29,54,105,17.55,8.48,17.57,48.08,101.11,6.478557136,49.61865305,2,39,15,OFF
55,23,70,28,17.38,8.53,17.74,46.15,101.11,7.063022095,52.84626009,27,40,24,ON
42,7,34,58,17.29,8.62,17.83,46.77,101.12,6.981758362,55.03723979,35,48,15,ON
28,40,44,10,17.21,8.72,17.92,47.38,101.12,6.227134139,54.62243308,4,59,25,ON
44,37,46,65,17.12,8.81,18.01,48,101.13,6.232836962,59.03629954,1,48,24,ON
5,28,30,49,16.96,8.04,18.41,44.69,101.14,7.140437859,52.93031105,36,43,21,ON
42,9,56,61,16.81,7.27,18.81,41.38,101.14,6.459252023,56.52558045,11,46,24,OFF
81,15,22,26,16.89,7.72,18.82,41.56,101.14,6.568795404,53.15223123,34,47,19,OFF
4,33,53,97,16.96,8.18,18.84,41.74,101.15,7.12851089,50.46746116,21,44,18,OFF
63,28,21,50,17.04,8.63,18.86,41.93,101.16,6.42937879,39.23831035,17,58,20,ON
3,26,20,35,17.12,9.08,18.87,42.11,101.16,6.248900919,44.17580911,25,40,21,ON
88,41,64,95,17.03,8.34,19.08,42.88,101.17,6.619891498,45.48591922,2,38,18,OFF
10,40,53,72,16.94,7.59,19.28,43.64,101.18,6.377568542,56.09542002,9,48,20,ON
35,24,35,90,16.76,7.64,19.88,41.18,101.18,6.415459592,41.39081525,37,49,25,ON
19,23,36,55,16.59,7.68,20.48,38.71,101.19,6.320662012,57.99524359,36,38,15,ON
70,9,39,54,16.55,8,20.8,40.04,101.2,6.978400282,43.15411472,40,58,15,ON
34,37,38,83,16.51,8.32,21.12,41.38,101.2,6.442335593,50.91511275,30,44,16,ON
61,41,64,1,16.33,7.72,21.62,40.04,101.2,7.184398832,43.78420984,1,59,23,ON
40,38,58,37,16.14,7.11,22.11,38.71,101.21,6.402926221,49.50812624,9,48,22,ON
70,32,64,107,16,7.81,22.56,35.8,101.22,7.085982325,36.45012824,14,41,17,OFF
26,37,65,65,15.85,8.51,23.01,32.88,101.23,6.698574085,37.45680611,35,52,19,ON
31,24,48,85,15.77,7.04,23.2,35.19,101.24,6.594739424,53.79732545,31,48,17,ON
74,2,43,22,15.69,5.58,23.38,37.5,101.26,6.647965508,37.44800463,4,41,20,OFF
30,25,53,66,15.89,6.3,22.62,37.5,101.26,7.120032489,54.7960127,30,37,25,ON
47,2,33,64,16.09,7.02,21.85,37.5,101.27,6.91380932,40.53173216,9,35,20,ON
14,8,51,33,16.4,7.78,21.06,43.24,101.26,7.073048264,50.9246554,20,41,20,OFF
88,41,45,37,16.72,8.54,20.26,48.98,101.26,6.5304707,56.01913159,37,50,23,OFF
52,7,66,84,16.99,7.71,20.1,39.88,101.26,6.684381357,58.18713162,34,35,21,ON
66,2,58,76,17.26,6.88,19.94,30.77,101.26,6.581351374,48.9366954,14,37,15,OFF
44,23,60,35,17.7,7,19.34,31.6,101.27,6.86483915,42.02483277,23,39,22,ON
74,1,49,10,18.15,7.11,18.75,32.43,101.28,6.487124217,43.05130077,5,45,21,OFF
89,29,40,106,18.73,6.4,17.99,31.8,101.28,6.605733068,39.26137642,22,37,20,OFF
32,29,54,95,19.31,5.68,17.24,31.17,101.29,6.860602782,50.01534317,40,51,17,OFF
33,8,59,80,19.94,5.95,16.27,26.7,101.3,6.41874299,51.53848218,27,56,20,OFF
55,28,44,44,20.57,6.22,15.31,22.22,101.31,6.365513634,53.35486977,31,40,22,ON
5,35,30,8,21.18,6.58,14.57,27.19,101.32,6.556372966,36.12042927,38,36,21,ON
84,5,33,87,21.8,6.94,13.83,32.16,101.33,6.760694228,38.14476781,6,37,17,ON
30,27,34,103,22.41,7.3,13.09,37.14,101.34,6.715276663,40.16545979,6,47,18,OFF
81,12,48,16,23.02,7.66,12.35,42.11,101.35,6.666380512,50.66487502,24,44,17,OFF
66,37,50,9,23.67,9.46,11.86,43.28,101.36,6.626629798,43.95183726,25,59,19,ON
56,40,33,58,24.32,11.25,11.37,44.44,101.37,6.702772465,58.29933073,32,56,21,ON
89,44,68,56,24.96,11.07,10.36,46.71,101.37,7.011030515,43.25095608,8,45,18,ON
43,14,41,54,25.6,10.88,9.34,48.98,101.37,6.890156495,44.47427436,19,39,17,ON
52,45,26,20,26.06,10.28,8.85,48.98,101.38,6.821747052,59.84499208,39,37,15,ON
40,24,32,23,26.52,9.69,8.36,48.98,101.39,7.183189922,43.4826194,33,37,19,OFF
35,43,67,21,27.06,8.54,8.13,42.14,101.4,6.27258822,49.4897245,26,54,17,ON
65,14,28,65,27.59,7.4,7.9,35.29,101.4,6.679127482,48.30159325,21,51,15,OFF
30,37,30,98,28.14,8.4,6.9,36.39,101.41,6.689825155,41.013132,22,54,20,OFF
63,41,43,0,28.69,9.4,5.91,37.5,101.42,6.583381939,43.12063289,29,45,16,ON
58,25,68,18,29.15,9.31,5.4,41.82,101.43,6.725551062,44.30070517,4,40,21,ON
45,41,49,30,29.61,9.22,4.88,46.15,101.43,7.069747814,58.52974279,10,37,22,ON
19,28,55,30,29.88,11.43,4.65,55.5,101.43,6.921993878,43.25726752,4,44,19,ON
2,13,43,102,30.14,13.64,4.42,64.86,101.43,6.770955317,37.2464655,20,45,17,OFF
37,3,62,89,30.54,15.46,4,66.72,101.43,6.983130466,56.12443206,23,45,23,OFF
71,34,38,86,30.95,17.28,3.57,68.57,101.43,6.267684328,52.55469976,25,48,21,ON
30,19,55,52,31.38,17.39,3.64,65.86,101.44,7.454532137,71.89090748,56,79,15,OFF
55,19,70,110,31.8,17.5,3.7,63.16,101.45,7.040056094,67.15096376,25,62,21,OFF
6,21,49,25,31.78,17.3,3.57,62.76,101.45,7.418650668,70.23207557,42,61,22,ON
74,0,58,48,31.77,17.1,3.44,62.35,101.45,6.501869314,73.23573601,42,73,25,OFF
8,6,57,5,31.76,16.91,3.31,61.94,101.45,6.814410928,72.49507741,44,58,18,OFF
21,36,49,105,31.74,16.71,3.18,61.54,101.45,7.581442888,62.26242533,50,55,16,OFF
66,24,61,31,32.4,18,2.96,72.15,101.45,7.741418772,66.85510868,35,72,21,OFF
88,24,42,24,33.06,19.28,2.74,82.76,101.45,6.573531614,68.02199825,30,64,20,OFF
66,36,50,35,32.97,18.8,2.66,87.54,101.44,7.543804223,73.67166182,27,64,21,OFF
61,25,31,97,32.87,18.32,2.58,92.31,101.43,6.5408208,73.84949872,50,74,17,OFF
81,31,43,74,32.99,18.46,2.55,100.7,101.43,7.22405917,69.28607828,39,73,24,ON
53,4,42,3,33.11,18.6,2.53,109.09,101.43,7.551364319,64.55882254,57,67,25,OFF
57,36,27,17,33.34,21.9,2.51,106.72,101.44,6.928898659,67.53021213,52,63,19,ON
12,9,29,41,33.57,25.2,2.5,104.35,101.44,7.747775263,66.63830637,55,66,22,ON
84,38,48,100,34,23.73,2.54,98.33,101.43,6.706505915,70.86340755,51,56,18,OFF
68,7,49,4,34.44,22.26,2.59,92.31,101.42,6.668238556,67.1367443,36,66,15,OFF
1,8,63,17,34.4,23.68,2.24,100.7,101.4,7.332375138,68.97097538,59,55,19,OFF
65,29,67,67,34.37,25.11,1.9,109.09,101.39,7.596802025,69.75555541,50,58,23,ON
48,5,45,73,34.41,23.62,1.92,102.54,101.39,7.70650895,71.50569456,30,65,25,OFF
67,8,26,4,34.45,22.12,1.93,96,101.39,7.366542647,61.91208707,20,62,18,OFF
71,28,43,28,34.67,20.83,1.91,85.5,101.38,6.919243702,74.01229707,58,71,15,OFF
51,25,34,77,34.9,19.54,1.89,75,101.38,7.187721818,74.91559514,25,71,24,ON
30,35,51,103,34.7,20.18,1.82,85.5,101.36,7.075886472,71.78615328,52,71,16,OFF
2,22,46,37,34.49,20.82,1.75,96,101.35,6.74441168,63.02473185,40,63,18,ON
37,30,63,89,34.98,18.22,1.69,86.71,101.34,6.726469088,61.19250859,20,60,25,OFF
43,37,32,100,35.48,15.62,1.64,77.42,101.34,6.628264883,65.62859526,48,61,21,OFF
50,29,56,78,35.34,17.87,1.58,80.09,101.34,7.127064207,63.49726331,49,68,22,ON
17,3,46,87,35.21,20.12,1.52,82.76,101.33,7.538631462,65.81655892,48,62,15,ON
90,35,32,9,35.16,19.2,1.32,77.74,101.32,7.162357641,70.1415139,32,66,17,OFF
23,8,60,97,35.12,18.28,1.12,72.73,101.32,6.859409487,74.61649888,21,63,22,OFF
22,9,69,27,34.67,18.45,1.44,80.81,101.32,7.397190844,65.820457,20,72,19,ON
37,34,66,84,34.23,18.62,1.77,88.89,101.31,6.880245789,69.24464096,25,65,21,ON
37,2,56,11,33.94,17.87,1.86,84.44,101.3,6.581313137,70.88787207,41,78,21,ON
89,25,42,4,33.64,17.12,1.95,80,101.3,7.296972161,61.46892873,53,67,17,OFF
38,41,37,36,33.12,16.57,2.01,78.71,101.29,6.97297656,64.72797143,39,60,21,ON
88,21,29,29,32.59,16.02,2.07,77.42,101.28,7.241148507,62.3061735,25,76,17,OFF
12,28,37,62,32.66,15.63,2.25,81.56,101.27,6.92009048,69.85112265,21,78,19,ON
48,20,49,55,32.72,15.24,2.43,85.71,101.26,7.504608385,73.58663968,57,60,17,ON
87,0,44,64,33.04,16,2.04,87.3,101.25,7.152272256,66.37171179,56,75,15,OFF
80,11,22,20,33.36,16.75,1.66,88.89,101.24,7.137004749,74.86960831,49,72,15,OFF
62,29,68,31,33.53,17.95,1.4,94.44,101.24,6.808041722,65.66436565,24,80,19,OFF
46,22,42,80,33.71,19.15,1.14,100,101.24,7.393631868,60.4693835,49,76,18,ON
88,9,57,1,33.86,19.5,1.1,88.71,101.23,7.69950698,72.43169115,28,68,19,OFF
22,11,38,37,34,19.85,1.05,77.42,101.22,6.602888249,63.57445989,55,78,21,ON
19,27,63,96,33.9,18.64,1.04,81.56,101.21,6.734447425,70.25496749,50,64,25,OFF
33,20,39,77,33.8,17.43,1.04,85.71,101.2,6.521217963,71.48327008,34,80,19,ON
68,40,60,77,33.67,15.26,1.16,81.56,101.19,7.707332484,63.1830529,20,68,23,ON
49,44,50,43,33.54,13.1,1.27,77.42,101.18,6.596719015,70.27184748,55,67,16,ON
6,38,25,70,33.68,14.14,1.48,73,101.17,7.403623355,60.41790253,23,70,15,ON
10,23,63,18,33.82,15.17,1.68,68.57,101.16,7.517097,72.17818157,53,74,15,ON
8,1,26,66,33.63,15.76,1.68,75.66,101.16,7.17620823,67.83345933,26,67,16,ON
20,44,24,29,33.44,16.36,1.69,82.76,101.16,6.593961761,70.0866434,33,80,22,ON
39,31,20,49,33.38,14.92,1.66,78.88,101.16,7.143942758,69.40878198,37,79,19,ON
28,41,55,6,33.31,13.47,1.63,75,101.15,6.690655045,62.30278274,33,75,21,ON
58,17,61,33,33.3,13.26,1.38,59.32,101.15,7.423530351,61.16350463,22,55,20,ON
47,1,36,94,33.29,13.04,1.14,43.64,101.14,6.578714843,71.72980375,20,68,17,OFF
90,17,31,53,33.02,13.31,1.32,51.82,101.13,7.497469256,69.43895491,43,68,20,OFF
3,2,39,58,32.76,13.58,1.5,60,101.12,7.775306272,68.91754359,44,76,22,ON
88,41,30,75,32.78,12.74,1.39,63.34,101.12,7.322555223,63.85668948,34,60,16,ON
85,6,53,36,32.79,11.9,1.28,66.67,101.11,7.580527339,61.71111448,21,72,17,OFF
75,27,56,63,32.92,13.06,1.28,65.76,101.1,7.108450121,67.47677295,25,68,19,ON
38,3,30,56,33.04,14.22,1.29,64.86,101.1,7.358974541,65.24194361,41,62,15,OFF
49,3,43,37,33.02,13.7,1.3,61.7,101.1,7.405176138,74.24459122,28,65,23,ON
68,35,69,39,33.01,13.17,1.31,58.54,101.1,6.500144962,69.5274407,35,64,15,OFF
69,21,55,4,33.07,14.06,1.04,61.7,101.1,7.167435834,71.36947525,52,58,16,ON
51,43,50,69,33.13,14.94,0.76,64.86,101.09,7.261791753,68.64685069,58,75,25,ON
48,18,23,93,33.08,14.24,0.7,66.72,101.08,7.586642101,73.44678678,34,66,19,OFF
53,2,29,96,33.02,13.54,0.64,68.57,101.08,7.534811833,67.32520551,52,70,16,OFF
22,13,43,66,32.92,13.76,0.74,67.62,101.07,7.251000789,73.40452716,23,57,19,ON
15,9,69,21,32.82,13.97,0.85,66.67,101.07,6.513620918,69.46020927,42,58,25,ON
41,32,64,17,32.77,12.74,1.14,61.24,101.06,7.121254928,74.62068748,37,62,17,ON
79,31,20,28,32.72,11.52,1.42,55.81,101.06,7.574561547,71.21006868,44,75,22,OFF
33,24,58,49,32.63,11.7,1.28,66.62,101.06,7.350869792,64.32887142,21,80,20,OFF
50,31,68,78,32.54,11.87,1.14,77.42,101.06,7.513151076,63.29900785,56,76,16,ON
30,27,27,85,32.6,11.11,1,64.24,101.06,7.025607706,69.68862306,29,76,15,ON
46,40,63,62,32.65,10.35,0.86,51.06,101.05,6.804253866,63.51822045,43,61,20,ON
71,5,20,69,32.45,12.54,0.86,61.9,101.04,7.163043872,64.11411069,55,60,15,OFF
78,45,29,4,32.25,14.72,0.86,72.73,101.04,7.338929556,63.46546487,44,63,15,OFF
73,19,49,81,32.22,13.81,0.84,67.94,101.04,6.621323612,63.02169909,29,67,21,ON
14,4,50,104,32.19,12.9,0.81,63.16,101.04,6.661870999,72.50669768,47,63,16,OFF
59,20,51,30,32.17,13.03,0.7,66.88,101.04,7.733149554,70.40795007,40,68,17,ON
15,38,58,70,32.15,13.16,0.59,70.59,101.03,7.402891666,62.78730907,58,61,15,ON
81,21,60,29,32.06,11.1,0.89,61.96,101.02,6.599147298,73.37686831,41,74,18,OFF
54,42,63,42,31.97,9.05,1.19,53.33,101.02,7.04174124,62.31842057,58,79,17,ON
60,34,33,54,31.84,10.41,1.06,56.66,101.02,7.353876754,62.2737345,27,62,24,ON
42,1,29,54,31.72,11.77,0.93,60,101.01,7.026795359,64.42177127,27,60,17,OFF
49,10,35,98,31.64,11.86,1.04,57.9,101,6.814301033,68.83924882,52,65,20,OFF
55,27,24,9,31.57,11.95,1.16,55.81,101,7.42160832,71.16331975,44,55,25,ON
43,27,36,55,31.52,11.64,1.3,58.68,101,6.847382891,65.45328463,21,62,24,ON
48,16,42,57,31.47,11.32,1.43,61.54,101,7.191522601,74.22238583,60,59,22,ON
35,32,50,28,31.37,11.38,1.42,60.04,101,7.01285529,71.64631281,33,77,21,ON
76,17,35,22,31.27,11.44,1.42,58.54,101.01,7.368318809,62.83469851,59,58,17,OFF
20,37,47,9,31.06,11.32,1.26,63.55,101,7.26154329,66.47264636,29,63,17,ON
5,20,48,48,30.84,11.2,1.1,68.57,101,6.52669158,66.69096751,59,63,18,ON
48,4,60,97,30.68,11.05,1.24,65.38,101,6.872594461,74.16699119,29,70,15,OFF
53,27,23,0,30.52,10.9,1.38,62.19,101,6.874142175,64.89517488,58,73,16,ON
18,11,58,56,30.36,10.76,1.52,59,101,7.76061831,64.77651469,55,77,22,ON
71,24,25,35,30.2,10.61,1.66,55.81,101,6.781841984,68.56507978,42,79,23,OFF
7,2,62,0,29.96,10.67,2.06,55.18,101,7.326980454,61.83876146,44,77,21,OFF
89,22,34,13,29.72,10.73,2.47,54.55,101.01,7.453975408,63.37784443,38,62,25,OFF
85,11,23,52,29.55,10.91,2.62,52.28,101.02,7.604110177,43.35795377,32,76,15,OFF
71,41,68,3,29.38,11.09,2.76,50,101.02,7.728832424,46.83130119,13,61,22,OFF
85,26,30,9,29.08,11.83,2.76,51.08,101.02,7.491217102,46.80452595,38,60,20,OFF
2,37,55,98,28.78,12.57,2.77,52.17,101.02,6.633864582,46.6352865,11,74,17,OFF
29,36,52,77,28.58,11.84,2.65,51.08,101.02,7.324863481,46.13833007,37,71,16,ON
60,18,48,14,28.39,11.11,2.53,50,101.03,6.410441476,53.46622584,29,71,18,OFF
46,21,23,38,28.18,10.69,2.53,46.82,101.04,7.836719564,50.89110726,2,72,18,ON
89,10,51,77,27.96,10.27,2.53,43.64,101.04,6.139215944,50.90994463,6,59,21,OFF
76,20,49,2,27.7,9.77,2.74,39.73,101.05,6.590571088,36.46946971,13,64,20,OFF
72,36,23,59,27.45,9.28,2.95,35.82,101.06,7.286049978,35.15426171,8,58,17,ON
18,15,29,24,27.18,8.56,3.27,34.76,101.06,6.058306161,49.14337177,6,77,20,ON
29,9,47,17,26.9,7.84,3.59,33.7,101.06,6.658605362,52.55730112,2,75,22,OFF
56,20,45,62,26.62,7.12,3.91,32.64,101.05,7.299360767,42.96018627,3,69,23,ON
59,39,34,85,26.35,6.4,4.23,31.58,101.05,7.815210661,49.02366803,27,80,24,ON
45,42,65,51,26.11,6.04,4.93,30.42,101.05,5.925391795,41.78219834,39,78,15,ON
31,2,64,40,25.87,5.68,5.63,29.27,101.05,6.403683619,38.71834464,40,79,17,ON
2,2,28,51,25.84,6.68,5.87,29.82,101.06,7.397546271,49.78102578,37,62,22,ON
74,9,24,9,25.81,7.67,6.11,30.38,101.08,7.722335992,51.92057267,31,60,24,OFF
48,3,64,4,25.54,6.58,6.91,27.19,101.09,7.475926645,54.9393771,22,67,22,OFF
1,38,62,100,25.26,5.5,7.71,24,101.1,6.887130053,50.89732989,3,78,18,OFF
43,9,53,30,25.28,7.46,7.66,28.22,101.12,7.441976825,44.93261911,4,80,16,OFF
28,0,42,6,25.31,9.41,7.62,32.43,101.13,7.629910253,49.39111479,13,61,24,OFF
30,14,65,24,25.26,7.4,7.82,24.32,101.14,7.336117221,44.43177543,12,66,20,ON
20,7,37,104,25.22,5.39,8.02,16.22,101.14,6.75020529,48.77790371,4,61,21,OFF
14,40,69,36,25.12,5.28,8.57,13.88,101.15,7.52178027,40.37113729,9,60,21,ON
86,22,56,38,25.02,5.16,9.13,11.54,101.16,6.347379185,47.89645224,18,66,22,OFF
47,40,69,9,24.96,5.33,9.58,17.09,101.16,7.135251532,46.05333124,32,56,18,ON
28,44,45,50,24.91,5.5,10.03,22.64,101.17,7.670178119,54.49044154,6,72,15,ON
27,27,57,5,24.74,4.6,10.19,15.8,101.19,7.399749291,49.04015558,15,77,20,ON
84,44,32,41,24.57,3.69,10.35,8.96,101.21,7.841496029,53.14531023,0,65,24,ON
32,37,46,51,24.39,3.95,10.43,9.84,101.22,6.254216611,48.60449438,30,79,22,ON
56,27,59,65,24.21,4.21,10.51,10.71,101.22,6.868881708,53.13946695,3,63,16,ON
53,4,32,29,24.11,4.08,10.78,11.32,101.24,7.320514721,45.42616802,2,78,23,ON
79,23,67,88,24.01,3.94,11.06,11.94,101.25,6.296976913,44.07819743,10,78,18,ON
37,45,63,20,23.95,4.01,11.08,11.12,101.26,7.241151936,49.37369982,14,67,25,ON
23,29,23,6,23.89,4.09,11.1,10.3,101.28,7.685959305,41.02682925,39,65,23,ON
25,4,23,10,23.67,3.95,11.68,11.3,101.28,6.890760124,44.08562546,19,72,15,ON
43,39,46,92,23.45,3.81,12.27,12.31,101.27,6.155915975,49.47371773,18,57,21,OFF
43,33,51,69,23.3,3.96,12.64,15.46,101.27,6.167855382,45.36521251,31,58,15,ON
44,10,69,77,23.15,4.12,13.01,18.6,101.27,6.861640036,37.81123974,28,58,25,ON
69,37,47,5,22.8,3.54,14.4,13.99,101.28,6.978361689,48.80253285,5,65,19,ON
30,15,43,50,22.46,2.95,15.8,9.38,101.29,7.043160241,42.72374404,16,65,19,ON
71,21,36,76,21.69,2.89,18.59,7.68,101.3,5.94239222,45.40277297,34,65,19,ON
59,15,43,89,20.92,2.83,21.38,5.97,101.31,7.239455147,52.39881209,14,69,19,ON
54,28,50,65,20.46,2.71,23.44,5.66,101.31,6.516317561,49.73922097,22,55,16,ON
66,20,34,47,20,2.6,25.5,5.36,101.32,6.233269045,38.30411077,24,61,17,ON
76,6,53,87,19.53,2.48,27.56,5.05,101.32,7.505283615,35.75107592,2,79,15,OFF
13,32,40,6,19.07,2.36,29.62,4.74,101.32,6.950300686,44.95654782,26,63,17,ON
55,2,50,88,18.78,2.19,33.3,5.54,101.32,6.958054839,48.33941188,27,61,15,OFF
45,19,68,13,18.49,2.02,36.98,6.35,101.32,6.54803469,35.03484812,24,70,16,ON
60,19,34,2,18.4,2.62,38.71,9.91,101.32,6.461618577,44.23629285,13,74,25,ON
10,38,28,34,18.3,3.21,40.44,13.48,101.33,7.065264073,36.18678721,6,64,23,ON
39,24,27,92,18.44,3.32,41.26,13.56,101.34,6.765091462,50.43306085,12,58,23,OFF
67,34,39,16,18.58,3.42,42.07,13.64,101.34,5.91645379,54.37814199,32,79,22,OFF
67,31,26,25,18.34,3.54,44.31,14.76,101.34,6.711341147,47.26052494,6,68,18,OFF
9,0,49,30,18.09,3.66,46.55,15.89,101.34,6.379881442,38.21370568,10,79,20,OFF
74,0,64,92,17.87,3.46,48.2,15.18,101.34,6.313284268,35.36831423,38,77,22,OFF
43,45,35,29,17.64,3.25,49.85,14.46,101.35,7.393210848,37.11395801,17,74,17,ON
5,35,56,55,17.48,3.29,50.66,11.18,101.35,7.504930973,37.15824966,26,68,24,ON
60,42,46,98,17.32,3.33,51.46,7.89,101.35,7.198076286,48.28137482,23,75,17,OFF
22,28,25,35,17.16,3.12,52.26,6.94,101.35,7.007037515,53.40906048,32,78,22,ON
78,1,70,45,17,2.91,53.06,5.99,101.35,6.677262562,42.89509057,19,79,19,OFF
15,19,30,52,17.11,3.38,53.95,11.57,101.35,6.74398035,41.7704893,22,60,18,ON
63,38,48,17,17.22,3.86,54.84,17.14,101.36,6.547361618,35.69674138,28,69,16,OFF
64,15,65,24,17.28,4.17,54.7,17.38,101.36,6.551577598,48.06491307,1,67,21,OFF
79,33,45,82,17.34,4.48,54.57,17.61,101.36,6.585020303,45.49683991,12,67,23,ON
59,33,52,47,17.41,4.78,54.43,17.85,101.35,6.924042372,53.31508572,36,67,20,ON
31,44,21,9,17.47,5.09,54.3,18.08,101.35,7.437373666,39.18374505,28,70,21,ON
17,0,49,24,17.53,5.4,54.16,18.32,101.35,7.142611056,42.19740397,12,71,19,OFF
87,0,69,3,17.92,5.01,49.74,15.48,101.35,7.74672376,37.46160727,22,68,16,OFF
89,42,32,42,18.3,4.62,45.32,12.63,101.35,6.300479414,51.54922825,26,66,22,ON
66,4,25,33,18.21,4.11,44.74,15.92,101.34,6.078724107,50.6128521,16,65,16,OFF
56,24,40,48,18.12,3.6,44.16,19.2,101.34,6.76660668,46.90725077,14,59,22,ON
14,1,57,63,18.1,3.85,43.17,14.13,101.34,7.641024177,49.55213308,33,59,19,ON
19,31,63,24,18.08,4.1,42.18,9.06,101.34,6.559681838,41.45486619,21,63,17,ON
3,37,29,29,18.2,4.33,39.95,19.72,101.34,7.072923306,36.68284038,0,69,21,ON
71,31,68,54,18.33,4.56,37.72,30.38,101.34,7.732194788,39.00992137,10,75,17,ON
74,16,37,50,18.42,4.55,35.2,20.82,101.34,6.157782589,52.50812701,30,61,18,ON
21,35,57,80,18.51,4.54,32.68,11.27,101.35,7.240988401,47.01510708,0,74,17,ON
87,10,43,13,18.57,4.27,30.62,12.16,101.35,6.898905799,42.87274897,35,74,22,OFF
22,22,59,96,18.62,4,28.56,13.04,101.36,6.818681086,53.04669416,7,63,24,OFF
86,11,30,78,18.51,4.1,28.4,21.9,101.36,6.261937875,46.48280681,9,56,17,OFF
3,24,68,95,18.4,4.19,28.24,30.77,101.36,6.493036868,49.94043064,14,74,15,OFF
31,16,69,3,18.4,3.94,27.62,19.93,101.35,7.042474679,36.5011366,14,76,20,ON
16,32,62,87,18.39,3.68,26.99,9.09,101.35,7.692013657,50.17067771,36,65,16,ON
87,4,28,40,18.42,4.1,26.06,10.66,101.34,6.250994223,46.62370222,28,67,21,OFF
4,12,44,10,18.44,4.51,25.13,12.24,101.34,6.052184881,53.12442925,28,79,16,ON
54,30,67,49,18.52,4.9,24.14,11.68,101.34,7.002216044,44.23913012,40,61,22,ON
11,39,62,27,18.59,5.29,23.14,11.11,101.33,7.272427638,41.61080544,10,70,19,ON
41,21,23,58,18.64,5.68,22.22,14.86,101.32,5.962001484,36.10211371,12,80,19,OFF
89,27,20,34,18.69,6.07,21.29,18.6,101.31,7.080506001,51.02372773,37,77,20,OFF
2,35,23,8,18.82,6.54,20.79,18.26,101.3,6.593798387,51.56461082,0,67,22,ON
76,42,39,86,18.94,7.02,20.29,17.91,101.3,7.28805662,45.20841071,7,73,25,ON
29,6,60,52,18.94,6.84,20.45,23.77,101.3,7.32710972,46.10585191,10,56,18,OFF
9,32,29,96,18.93,6.67,20.62,29.63,101.3,6.366355781,47.9271552,39,70,15,OFF
67,27,52,110,18.96,7.06,20.93,25.44,101.3,7.011121216,52.60285259,26,56,22,OFF
78,9,68,48,18.99,7.44,21.24,21.24,101.29,6.280725549,38.07659414,9,77,17,ON
12,10,34,100,18.84,6.74,21.72,18.9,101.28,7.621494566,40.8106299,4,59,19,OFF
22,42,35,63,18.7,6.04,22.2,16.55,101.28,7.630424083,53.10207889,34,73,15,ON
40,5,65,32,18.59,5.64,22.5,14.82,101.28,7.802212437,40.74536757,33,77,15,ON
85,24,42,99,18.48,5.24,22.8,13.1,101.27,5.922935513,111.9684622,2,24,38,OFF
54,18,29,9,18.37,4.85,23.11,11.37,101.26,5.937649578,108.0458926,6,18,37,ON
76,37,28,63,18.26,4.45,23.41,9.64,101.26,6.804781106,102.5184759,8,26,36,ON
30,9,49,7,18.02,4.46,24.06,12.28,101.26,6.424670614,110.2316633,37,18,39,OFF
28,14,70,12,17.79,4.48,24.7,14.91,101.25,6.738016221,109.3905998,0,27,38,ON
33,6,31,33,17.91,5.84,24.15,23.04,101.25,6.497366677,109.4169192,31,25,38,ON
47,36,39,53,18.03,7.2,23.6,31.17,101.25,6.327673765,104.8955643,21,21,38,ON
27,42,27,68,18.03,7.46,23.28,34.94,101.24,6.36137446,106.9659201,6,30,40,ON
73,8,49,17,18.02,7.71,22.96,38.71,101.24,6.923509371,108.0423555,25,27,41,OFF
7,44,69,93,17.91,6.65,22.76,31.12,101.24,6.630646083,109.3930157,15,11,38,OFF
49,18,56,86,17.8,5.59,22.57,23.53,101.24,5.832525853,104.7693804,14,5,36,OFF
83,20,51,2,17.66,5.32,22.48,17.2,101.24,6.738993954,105.7595811,16,10,41,OFF
8,5,40,41,17.53,5.05,22.4,10.86,101.24,5.782435567,108.3168858,36,7,37,ON
85,44,31,47,17.48,5.08,22.46,12.06,101.24,6.537042717,104.5375109,4,20,41,ON
36,25,36,44,17.43,5.12,22.52,13.26,101.24,6.145104401,107.6836871,29,22,40,ON
18,38,31,52,17.4,4.87,22.62,12.72,101.24,6.890784045,108.5468633,16,15,42,ON
66,3,69,31,17.37,4.63,22.73,12.19,101.23,7.175344328,104.8216333,18,27,41,OFF
89,23,58,23,17.34,4.38,22.83,11.65,101.23,5.938528744,102.8593382,11,18,42,OFF
48,33,51,51,17.54,5.96,22.87,20.11,101.23,5.709380472,108.0756727,5,15,38,ON
57,10,37,78,17.74,7.54,22.91,28.57,101.23,6.184400085,105.6499907,18,23,44,ON
1,11,62,7,18.1,8.18,21.76,38.28,101.23,6.553509673,111.6631582,9,8,40,ON
53,23,56,56,18.45,8.81,20.61,48,101.23,5.885638185,112.4349689,40,27,45,OFF
37,21,34,20,18.62,8.78,19.95,41.91,101.23,6.143874691,107.3416913,22,23,44,ON
65,6,25,98,18.8,8.75,19.29,35.82,101.23,6.101198974,105.1834976,9,16,39,OFF
35,9,41,15,18.77,8.26,19.33,26.48,101.22,6.594037135,111.2818551,12,29,40,OFF
23,38,21,61,18.74,7.78,19.37,17.14,101.22,6.859840821,109.0946323,0,17,42,ON
69,15,63,81,18.76,8.45,19.27,30,101.22,6.56893406,102.8013275,2,21,44,OFF
45,3,41,74,18.77,9.12,19.18,42.86,101.22,6.769855664,106.8704803,28,6,40,OFF
7,45,25,34,18.72,8.45,19.09,41.43,101.22,7.130837931,108.4758509,8,23,44,ON
21,42,28,6,18.66,7.78,19,40,101.23,5.740338002,102.860084,29,16,36,ON
36,6,41,25,18.64,8.09,18.7,35,101.23,5.843005428,103.1969341,17,18,43,ON
64,5,35,103,18.62,8.39,18.4,30,101.23,6.648687274,111.0196744,34,21,42,OFF
8,7,35,24,18.58,8.01,18.18,31,101.24,6.902751061,104.3739878,21,23,42,ON
59,30,41,55,18.55,7.62,17.97,32,101.24,6.608023872,111.2800516,25,17,40,ON
8,14,43,60,18.42,7.29,18.01,29.18,101.24,6.828522375,104.0277061,8,25,36,ON
19,42,40,7,18.29,6.96,18.05,26.37,101.23,6.910374919,108.2287276,26,18,42,ON
63,8,39,106,18.18,6.18,17.92,30.08,101.24,6.306605528,111.2232716,4,19,42,OFF
64,40,59,60,18.08,5.39,17.79,33.8,101.24,7.009180374,103.8799347,36,24,41,ON
81,39,60,38,17.98,5.14,17.68,23.02,101.24,6.297907579,104.6735454,5,24,40,OFF
3,39,20,43,17.88,4.88,17.58,12.24,101.25,6.728599215,111.2787584,19,17,39,ON
56,37,37,17,17.88,5.33,17.3,16.46,101.26,6.965156738,108.065579,39,30,38,ON
41,31,39,34,17.88,5.78,17.01,20.69,101.26,5.578095745,104.7847006,5,29,44,ON
44,11,26,40,18,5.75,16.48,30.02,101.26,7.199504273,109.8695196,4,24,43,OFF
29,38,40,20,18.13,5.72,15.96,39.34,101.27,5.841367187,110.9653137,38,21,35,ON
43,6,51,26,18.1,5.78,15.95,33.01,101.28,6.710143266,106.9216033,37,11,36,ON
5,30,63,31,18.08,5.85,15.94,26.67,101.28,5.972714857,109.2853418,9,25,41,ON
2,41,38,80,18.04,6.05,16.04,28.78,101.28,5.561851831,106.0380805,29,22,43,ON
64,5,68,80,18.01,6.26,16.13,30.89,101.29,6.107054808,112.459697,5,21,38,ON
45,40,31,100,17.98,6.46,16.23,33.01,101.29,6.988035315,110.2437841,22,26,38,OFF
68,45,49,1,17.94,6.66,16.32,35.12,101.29,7.13147457,106.2817706,4,18,37,ON
36,20,56,28,17.9,6.87,16.42,37.23,101.3,7.086947687,107.1951707,21,6,41,ON
78,32,28,51,17.87,7.07,16.51,39.34,101.3,6.749260456,105.2240743,29,21,45,ON
53,5,54,27,17.76,7.28,16.89,41.1,101.3,7.16300467,107.5660804,23,5,44,ON
53,34,35,87,17.64,7.48,17.27,42.86,101.31,7.013481515,109.6623974,13,7,43,ON
17,25,44,81,17.57,6,17.48,33.2,101.32,5.648243649,103.3183074,5,13,37,ON
32,36,58,105,17.5,4.51,17.69,23.53,101.32,6.610251186,110.4606459,27,24,41,OFF
39,26,59,93,17.45,5.32,18.04,27.15,101.32,7.054313823,102.5538035,7,23,35,OFF
18,35,43,15,17.4,6.13,18.38,30.77,101.32,6.026999326,111.0217929,12,20,39,ON
66,9,63,30,17.62,6.29,18.55,35.06,101.32,5.779427402,106.3602023,4,19,43,OFF
64,9,45,11,17.84,6.45,18.72,39.34,101.33,6.535244251,104.617522,3,9,45,OFF
67,11,32,17,18.24,6.84,18.55,38.13,101.34,5.684995235,104.991282,1,27,36,OFF
15,20,22,20,18.63,7.22,18.37,36.92,101.35,6.12476108,103.0295938,23,30,44,ON
19,11,46,12,19.11,7.09,18.38,35.12,101.35,6.999014379,109.4429934,24,21,42,ON
89,34,64,16,19.59,6.96,18.4,33.33,101.36,6.277148771,106.8685636,13,30,37,OFF
64,33,63,67,20.19,7.26,17.72,36.66,101.36,6.322396027,111.3779693,40,11,44,ON
42,32,70,34,20.78,7.56,17.04,40,101.37,5.956401828,105.6209954,21,9,40,ON
68,13,47,16,21.3,7.88,16.26,41.06,101.37,6.591302797,110.9633894,3,27,44,OFF
74,45,35,13,21.82,8.2,15.49,42.11,101.37,7.104094929,110.6956184,40,29,42,OFF
76,20,35,32,22.34,8.53,14.71,43.17,101.38,6.407872061,103.7084055,14,25,40,OFF
19,32,48,75,22.86,8.85,13.94,44.22,101.38,6.658402594,102.6488846,38,14,37,ON
16,19,20,108,23.38,9.17,13.16,45.28,101.38,6.276038961,110.4432293,34,9,36,OFF
41,10,22,47,23.93,9.07,12.5,46.64,101.38,6.825256236,104.6843243,32,14,37,OFF
90,13,66,95,24.48,8.98,11.83,48,101.39,6.368560522,111.1382096,18,21,35,OFF
3,27,55,4,24.8,9.39,11.46,50.08,101.39,7.005410734,105.4766591,8,23,38,ON
17,45,61,43,25.13,9.8,11.08,52.17,101.39,6.897368477,108.6793978,15,6,41,ON
89,31,29,71,25.52,10.18,10.74,55.36,101.4,6.152906502,105.529185,0,5,36,ON
8,8,61,108,25.92,10.56,10.39,58.54,101.41,5.744361602,112.1926517,22,9,44,OFF
5,38,47,40,26.23,11.14,10.32,70.65,101.42,7.051654924,111.7162016,14,8,43,ON
10,1,30,89,26.54,11.72,10.24,82.76,101.43,6.034612928,107.6435771,31,11,45,ON
77,13,34,110,26.86,12.95,9.98,73.81,101.43,6.924490731,104.88189,39,17,45,OFF
12,45,21,8,27.17,14.18,9.73,64.86,101.43,6.887005997,109.2537734,10,5,42,ON
83,30,59,86,27.89,12.3,9.32,62.43,101.44,6.8444019,105.6917856,8,28,38,ON
7,8,35,59,28.61,10.42,8.92,60,101.44,5.786058032,106.61905,32,13,42,ON
57,9,33,52,28.88,11.5,8.37,67.5,101.44,5.627186257,106.1606833,18,9,40,ON
19,41,34,80,29.15,12.59,7.82,75,101.44,5.700088663,110.5764023,20,27,41,ON
80,18,39,93,29.28,13.02,7.39,77.5,101.44,5.567805185,107.6103211,39,25,36,OFF
77,8,28,89,29.41,13.44,6.95,80,101.43,6.077886012,112.4750941,20,7,45,OFF
36,35,31,28,29.44,14.95,6.76,88,101.43,6.397995609,109.0357597,11,10,45,ON
32,44,68,71,29.48,16.47,6.58,96,101.43,5.767372539,109.9130984,40,18,43,ON
60,5,28,34,29.78,16.3,6.35,94.16,101.43,7.079973241,103.6012114,3,26,39,OFF
6,10,21,2,30.07,16.12,6.12,92.31,101.43,5.893332378,106.977723,9,16,36,OFF
42,36,56,17,30.47,16.42,5.78,84.86,101.44,7.058222596,110.0932899,30,20,38,ON
90,31,62,7,30.87,16.73,5.45,77.42,101.44,5.78270695,106.128338,40,9,41,OFF
65,42,32,91,30.91,17.21,5.36,84.15,101.44,6.269663963,104.4407083,40,30,35,OFF
52,34,51,49,30.95,17.7,5.26,90.88,101.45,5.892913826,107.0050976,32,25,35,ON
71,19,20,2,30.99,18.18,5.16,97.62,101.46,7.116538883,112.337046,33,23,45,OFF
32,39,35,22,31.03,18.66,5.07,104.35,101.46,6.430163481,102.8186358,4,14,41,ON
73,40,37,19,31.28,19.21,5.07,105.54,101.46,7.159520979,106.2784673,13,17,45,OFF
77,2,46,75,31.53,19.76,5.08,106.72,101.46,6.431265737,109.8076178,39,24,39,OFF
8,18,33,11,31.78,20.31,5.08,107.9,101.45,6.082571701,108.3121789,8,28,37,ON
61,12,63,9,32.03,20.86,5.08,109.09,101.45,6.149934034,92.82840911,91,94,46,ON
71,15,26,91,32.12,19.72,4.87,109.09,101.45,5.849076099,101.0494791,105,95,50,OFF
87,41,33,47,32.2,18.58,4.66,109.09,101.45,6.276800323,104.9378,108,92,53,ON
70,33,26,64,32.3,18.82,4.52,106.72,101.45,5.926824754,90.10978128,86,76,54,ON
36,35,56,49,32.41,19.06,4.38,104.35,101.45,5.519088423,113.2297373,80,77,49,ON
15,10,36,19,32.57,18.41,4.31,98.33,101.44,6.079178788,114.5357503,93,94,53,ON
78,2,24,21,32.73,17.76,4.25,92.31,101.43,6.13465588,97.32531705,90,92,55,OFF
46,34,52,19,32.83,17.44,4.09,100.7,101.42,5.808497604,99.34482238,108,89,53,ON
41,30,21,6,32.93,17.12,3.93,109.09,101.41,5.891458107,113.8729798,108,88,55,ON
81,44,56,8,33.01,18.23,3.92,100.7,101.4,5.816622479,100.0075679,105,77,52,OFF
1,44,34,52,33.09,19.33,3.91,92.31,101.39,5.843163161,98.75084366,118,88,52,ON
83,28,67,34,32.96,17.56,3.96,98.33,101.38,6.376756633,100.1692639,101,87,54,OFF
40,40,53,52,32.82,15.8,4,104.35,101.38,5.623615687,118.2761894,95,75,50,ON
75,39,38,40,33.28,14.99,3.72,95.03,101.37,5.91505509,99.72430835,106,85,53,ON
35,15,64,87,33.74,14.18,3.44,85.71,101.36,6.458714879,108.3957179,86,95,49,ON
51,3,50,42,33.67,14.35,3.56,84.24,101.34,5.565028635,98.66679427,83,79,55,OFF
69,35,32,46,33.59,14.52,3.67,82.76,101.31,6.211833161,119.84797,85,95,47,ON
87,10,55,97,32.88,15.3,3.95,87.54,101.3,6.490074429,108.66464,109,79,45,OFF
89,10,57,94,32.17,16.08,4.23,92.31,101.3,5.590236025,102.7867717,100,76,45,OFF
31,0,27,14,31.6,15.88,4.54,89.01,101.3,6.225225239,116.1616839,117,86,48,OFF
66,15,47,11,31.04,15.68,4.85,85.71,101.29,6.190757459,118.6858263,114,94,53,OFF
48,16,22,20,31.13,17.12,4.89,80.35,101.28,5.915568968,98.21747528,110,78,50,ON
79,10,26,29,31.22,18.56,4.93,75,101.27,6.195152442,91.46442491,94,70,48,OFF
9,19,50,79,31.52,18.38,4.85,81.94,101.26,6.156373499,105.0776992,80,71,47,ON
52,33,64,14,31.82,18.2,4.77,88.89,101.26,6.313197204,112.0700033,114,79,51,ON
87,35,39,65,31.16,16.52,4.84,92.44,101.25,6.324270089,92.07835761,88,78,45,ON
1,24,50,11,30.5,14.85,4.91,96,101.24,5.707488987,90.66727868,112,73,48,OFF
48,44,32,10,31.05,14.01,4.66,83.3,101.24,6.119216009,93.10247183,117,76,47,ON
90,37,29,10,31.6,13.17,4.42,70.59,101.24,5.571401169,98.16752001,111,87,48,OFF
7,17,63,75,32.1,14.99,3.84,100,101.21,5.63127166,109.5408614,89,83,47,ON
59,26,27,64,32.48,13.93,3.81,94.44,101.2,6.101241579,117.2878912,93,91,47,OFF
7,3,41,26,32.87,12.87,3.78,88.89,101.18,6.438137279,94.31102057,92,81,52,ON
57,32,43,24,32.87,13.08,3.46,68.44,101.18,6.098369122,119.218154,105,74,45,OFF
51,2,35,12,32.87,13.29,3.14,48,101.18,5.695267822,102.4633775,102,71,48,OFF
19,34,26,103,32.23,13.33,3.58,52.57,101.17,5.618094446,109.575944,94,91,51,OFF
84,35,49,9,31.59,13.37,4.02,57.14,101.16,6.435785799,91.34276507,116,71,47,OFF
68,0,38,88,31.54,13.56,4.1,78.57,101.16,6.176644228,112.9794804,117,79,49,OFF
44,3,44,86,31.5,13.74,4.17,100,101.15,6.220643671,112.0777152,119,72,55,OFF
25,18,45,50,31.16,13.9,4.14,90,101.15,5.871702211,118.6730366,99,73,53,ON
37,22,48,6,30.83,14.07,4.11,80,101.14,6.390741836,117.536781,91,84,52,ON
66,41,20,64,31.18,13.88,4.22,81.38,101.14,6.21084479,107.3944717,80,90,47,ON
80,20,42,1,31.54,13.68,4.33,82.76,101.14,6.012696655,116.5531455,101,70,48,OFF
9,15,43,79,31.79,12.88,4.05,66.91,101.13,5.908770059,112.3982055,108,89,53,ON
66,12,31,18,32.04,12.09,3.77,51.06,101.12,6.049801781,110.3262123,100,80,52,OFF
82,40,70,76,32.18,12.98,3.54,60.82,101.12,6.010095853,110.2511102,109,91,53,ON
36,1,46,108,32.32,13.88,3.31,70.59,101.12,5.738678895,110.4408803,82,78,46,OFF
55,31,63,107,32.41,12.84,3.48,68.63,101.12,5.74055541,116.3019555,106,70,55,OFF
82,21,61,101,32.5,11.8,3.65,66.67,101.11,5.793260262,119.0856171,90,86,52,OFF
55,45,50,76,32.19,12.54,3.71,66.67,101.1,5.50947065,108.8547508,83,95,50,ON
32,28,46,24,31.88,13.28,3.77,66.67,101.09,5.986442306,118.2583441,119,90,48,ON
90,14,28,89,31.92,13.96,3.76,76.19,101.08,5.790768046,91.40508414,107,72,45,OFF
65,21,24,35,31.97,14.65,3.74,85.71,101.08,5.915546415,95.12322062,116,81,55,OFF
71,43,53,92,32.08,15.08,3.5,89.01,101.07,6.242528278,109.9825551,101,75,50,OFF
3,25,63,1,32.19,15.52,3.26,92.31,101.07,6.036079266,102.2099836,93,81,50,ON
24,36,67,61,32.06,14.4,3.44,83.66,101.06,5.829898502,109.022564,95,75,45,ON
15,16,63,59,31.94,13.28,3.63,75,101.06,6.088064451,117.229079,107,71,55,ON
77,28,33,66,31.86,14.53,3.81,77.5,101.06,6.469370954,112.1355384,83,94,47,ON
82,38,49,13,31.79,15.78,3.99,80,101.07,5.720726906,111.0162259,102,73,54,OFF
1,36,51,52,31.8,14.18,3.94,75.3,101.06,5.80766417,99.20961514,86,79,45,ON
51,41,50,88,31.8,12.57,3.88,70.59,101.06,5.703381728,115.8586081,117,86,53,ON
10,39,66,63,31.52,12.23,3.97,66.9,101.06,6.165001278,119.695765,111,79,53,ON
89,28,35,93,31.24,11.9,4.06,63.2,101.06,6.002481605,110.10323,95,74,50,OFF
54,24,52,5,30.96,11.56,4.15,59.5,101.05,6.212369363,109.2768851,91,75,55,ON
70,17,25,53,30.68,11.22,4.24,55.81,101.05,5.765308943,109.2486647,93,83,46,OFF
71,38,44,36,31,12.05,4.07,56.48,101.04,5.740764682,108.8616474,92,85,51,OFF
59,34,48,28,31.33,12.88,3.9,57.14,101.04,5.879119455,110.1331182,104,80,54,ON
71,41,51,101,31.06,12.63,3.86,58.57,101.04,6.099478745,104.4812858,103,72,51,OFF
10,24,21,53,30.78,12.38,3.81,60,101.04,5.674403359,90.43495443,92,75,45,ON
65,8,30,101,30.5,12.05,4,62.65,101.05,5.694243847,119.4765557,93,85,49,OFF
68,7,70,18,30.23,11.72,4.18,65.3,101.06,5.905494703,118.9923573,120,87,52,OFF
54,40,64,109,29.96,11.39,4.36,67.94,101.07,6.110844721,90.94554618,108,72,46,OFF
49,26,41,2,29.68,11.06,4.55,70.59,101.08,6.020445317,114.2005455,105,88,54,ON
54,18,22,64,29.38,11.28,4.58,63.86,101.08,6.435917308,91.06493353,98,79,50,OFF
12,25,61,24,29.07,11.5,4.61,57.14,101.08,5.505393833,96.45042585,111,88,55,OFF
30,18,53,71,29.44,12.12,4.56,58.57,101.07,5.677719902,113.1161095,97,74,45,OFF
50,15,65,92,29.8,12.73,4.51,60,101.07,5.719014989,92.78133617,95,82,48,OFF
7,41,66,61,29.83,12.4,4.6,60.77,101.08,6.275572298,94.32961456,89,91,55,ON
16,33,59,85,29.85,12.08,4.68,61.54,101.09,6.275384607,91.73358569,89,85,55,ON
73,22,51,6,29.64,11,4.94,58.68,101.09,6.201911642,100.6619171,118,88,51,OFF
77,38,45,19,29.43,9.92,5.2,55.81,101.09,5.758054257,98.00403016,101,92,45,OFF
7,45,66,52,28.94,9.84,5.58,49.72,101.1,6.323933647,103.5045395,99,92,47,ON
52,36,26,52,28.46,9.77,5.96,43.64,101.1,5.901100841,95.83016448,82,77,46,ON
57,26,50,20,28.36,9.64,5.77,49.1,101.1,5.644486582,97.55986676,90,86,55,ON
9,45,28,14,28.27,9.5,5.58,54.55,101.1,6.235461772,94.68180316,95,88,52,ON
63,45,63,8,28.04,9.51,5.83,38.7,101.11,6.28236237,90.45142867,104,73,46,ON
1,31,54,107,27.8,9.52,6.08,22.86,101.12,6.356090905,90.24211529,102,73,52,OFF
9,30,35,10,27.76,9.5,5.96,25.89,101.12,5.837258235,96.47800391,100,74,52,ON
17,29,64,58,27.73,9.47,5.84,28.92,101.11,5.653437902,111.0843029,94,89,48,ON
44,28,56,109,27.54,8.17,6.36,28.58,101.12,5.727469947,100.5123341,99,70,46,OFF
89,38,52,4,27.35,6.86,6.89,28.24,101.12,6.200111068,99.46950465,112,87,48,OFF
64,16,41,51,27.26,7.57,6.76,35.94,101.13,5.614471478,105.4220251,117,82,45,ON
14,12,36,10,27.16,8.29,6.62,43.64,101.14,6.257369799,91.99964712,96,86,51,ON
13,14,21,53,27.04,8.31,6.56,30.84,101.15,6.037430836,109.0921631,113,85,45,ON
52,31,52,0,26.91,8.33,6.49,18.05,101.16,5.760457558,108.3690513,105,93,46,ON
57,18,31,82,26.74,7.3,6.74,15.73,101.17,6.158164422,108.5501443,85,89,51,OFF
7,39,60,63,26.57,6.26,6.98,13.41,101.18,6.387431383,90.81250457,108,94,47,ON
39,21,49,21,26.48,6.44,7.19,15.1,101.19,5.891413895,103.7040783,92,81,52,ON
78,35,21,12,26.39,6.61,7.4,16.78,101.2,5.725418961,94.37987496,110,71,54,OFF
47,20,41,31,26.26,5.72,7.69,14.84,101.21,6.281069505,92.15524332,82,75,55,ON
62,22,33,69,26.12,4.84,7.98,12.9,101.22,5.507641778,98.12565829,117,81,53,ON
13,28,31,56,26,5.14,8.16,17.16,101.23,5.954626604,90.09586854,2,40,27,ON
80,35,61,58,25.87,5.44,8.34,21.43,101.24,4.757114897,98.67527561,39,24,31,ON
32,16,28,3,25.78,5.04,8.56,16.51,101.25,5.699586972,95.85118326,21,26,27,ON
90,17,38,49,25.69,4.64,8.77,11.59,101.26,5.977413803,95.70525913,25,22,25,ON
75,24,21,19,25.58,4.2,8.95,11.46,101.26,6.430139436,92.19721736,0,21,32,OFF
10,14,39,100,25.46,3.75,9.13,11.32,101.27,6.113935087,98.00687989,20,19,35,OFF
55,13,44,88,25.48,4.16,9.09,11.88,101.28,5.074272692,97.72843182,19,21,34,ON
73,0,23,45,25.5,4.58,9.05,12.44,101.28,5.667507706,93.75441586,18,17,31,OFF
29,43,22,34,25.37,4.46,9.37,15.37,101.29,5.978634285,95.3713484,11,36,33,ON
24,22,40,41,25.23,4.33,9.68,18.31,101.29,5.064613314,98.46768642,30,28,30,ON
30,26,67,22,25.1,4.21,10,21.24,101.3,4.772385986,94.11213345,18,19,27,ON
19,28,34,32,24.98,4,10.34,15.7,101.3,5.161148592,97.31258083,23,23,27,ON
29,21,48,66,24.85,3.78,10.67,10.17,101.31,6.797779227,99.35408185,37,30,34,ON
42,44,22,29,24.68,3.15,11.01,10.19,101.31,6.39474303,89.85646496,11,27,30,ON
31,6,43,42,24.52,2.52,11.35,10.21,101.31,5.566704378,91.87312479,12,19,31,OFF
48,42,45,91,24.26,3.23,12.26,9.48,101.32,5.755049971,94.42850522,3,28,33,OFF
62,43,26,103,24.01,3.94,13.16,8.76,101.33,5.417340525,91.55845821,37,38,32,OFF
12,13,63,106,24,4.38,13.14,16.26,101.34,6.166173834,97.41054011,26,37,30,OFF
85,27,40,7,23.98,4.81,13.11,23.76,101.35,5.191265116,95.74606104,14,18,30,OFF
9,18,23,3,24.01,4.89,13.38,23.76,101.36,4.954739564,98.33351125,40,16,35,ON
45,45,28,63,24.04,4.98,13.64,23.76,101.36,5.664587011,99.9834242,4,20,25,ON
86,11,40,98,24.06,5.07,13.91,23.76,101.37,5.548584852,99.61465679,36,25,33,OFF
47,16,67,3,24.09,5.15,14.18,23.76,101.38,6.804437106,94.62954663,30,17,31,ON
45,9,50,84,24.03,5.07,14.4,19.38,101.38,6.097869767,98.63333684,28,37,28,OFF
60,21,38,33,23.97,4.99,14.63,15,101.39,5.075504537,97.01331604,38,15,30,OFF
77,12,62,78,23.89,5.18,15.04,18.72,101.4,4.546466109,90.28624348,12,37,30,OFF
56,15,60,16,23.81,5.37,15.44,22.43,101.4,5.855119268,90.65022183,38,19,31,ON
8,37,20,54,23.68,5.22,15.98,26.8,101.4,6.442393461,91.82271568,8,33,29,ON
8,23,26,1,23.55,5.08,16.52,31.17,101.41,4.507523551,90.82549241,15,27,28,ON
35,32,22,84,23.5,5.4,16.67,26.3,101.4,6.10729559,92.09609766,34,16,25,ON
6,36,55,53,23.45,5.72,16.82,21.43,101.4,6.47544932,100.2585673,11,36,31,ON
72,27,66,39,23.3,5.7,17.46,24.67,101.4,6.832979509,92.99739415,33,29,34,OFF
8,43,51,76,23.16,5.67,18.11,27.91,101.39,5.395275719,100.2160615,12,31,26,ON
76,18,26,53,23.01,5.26,18.54,23.56,101.4,6.13526938,98.81596545,12,34,28,OFF
34,8,29,8,22.86,4.85,18.97,19.2,101.41,4.555688532,98.00644238,5,16,31,OFF
63,43,22,3,22.83,5.58,18.89,26.5,101.42,6.434197756,91.67241761,1,30,29,ON
14,3,65,10,22.8,6.32,18.81,33.8,101.43,5.316875978,95.99487068,16,35,31,ON
74,9,35,47,22.74,5.86,18.83,33.56,101.44,5.279388967,97.38741498,35,18,26,ON
41,6,26,11,22.69,5.39,18.85,33.33,101.44,6.720041791,95.8445641,4,40,26,ON
90,22,53,93,22.61,5.52,18.87,23.68,101.44,5.72742254,100.8124659,9,29,34,OFF
44,6,28,107,22.53,5.64,18.89,14.04,101.45,4.691396195,90.21633216,2,38,33,OFF
12,33,27,55,22.51,5.34,18.55,14.12,101.46,6.810186079,90.14047759,26,32,32,ON
13,18,53,61,22.49,5.04,18.2,14.2,101.46,6.454045329,97.41586402,34,38,31,ON
21,29,67,40,22.41,4.69,17.83,13.04,101.46,5.842763773,93.36718816,5,32,33,ON
69,27,69,44,22.33,4.34,17.47,11.88,101.46,5.024124684,97.76832322,31,29,26,ON
60,33,49,49,22.32,4.5,16.81,11.58,101.46,6.422710539,95.257992,34,34,35,ON
84,16,42,74,22.32,4.66,16.15,11.27,101.46,4.94295037,92.37238878,36,19,32,ON
21,45,33,40,22.3,4.23,15.68,11.38,101.46,6.414526606,91.63074547,7,17,26,ON
62,34,21,39,22.27,3.8,15.22,11.48,101.47,6.777788126,92.26439205,38,15,27,OFF
67,19,21,66,22.2,3.71,15.06,10.28,101.48,6.441328044,96.27792547,5,19,25,OFF
69,36,42,109,22.13,3.62,14.89,9.09,101.49,4.650536197,94.49161372,37,36,26,OFF
55,9,54,66,22.04,3.66,14.72,13.7,101.49,5.254532213,90.29643888,21,31,32,OFF
78,37,60,34,21.94,3.69,14.54,18.32,101.49,5.910634533,90.40332704,37,36,27,OFF
30,37,49,37,21.85,3.1,14.39,12.31,101.49,4.755273631,90.89173106,23,23,30,ON
